stock_symbol,date,open_price,high_price,low_price,close_price,volume,social_mentions,news_sentiment
AAPL,2024-01-01,477.12,485.85,473.93,485.42,8298254,45910,0.39
TSLA,2024-01-01,229.88,241.35,227.06,236.51,7607524,31221,0.55
GOOGL,2024-01-01,764.21,765.17,750.76,754.99,5548482,23109,0.84
NFLX,2024-01-01,872.03,873.63,870.48,870.83,3181238,42826,-0.48
AMZN,2024-01-01,472.36,473.74,468.42,471.39,6889690,47430,0.49
AAPL,2024-01-02,640.84,645.48,630.26,631.95,2558210,7244,-0.49
TSLA,2024-01-02,324.1,326.98,316.0,320.82,9805799,23536,0.27
GOOGL,2024-01-02,521.53,524.44,512.63,514.57,5193797,39667,-0.23
NFLX,2024-01-02,106.04,107.52,92.86,96.27,9904480,31590,0.17
AMZN,2024-01-02,457.83,471.07,456.03,467.32,5585067,12624,0.02
AAPL,2024-01-03,542.31,549.66,541.51,546.16,2660528,26956,0.13
TSLA,2024-01-03,644.47,648.38,642.21,646.68,7509334,34727,-0.4
GOOGL,2024-01-03,235.57,238.73,229.21,229.5,3733643,19740,0.61
NFLX,2024-01-03,714.84,715.3,708.94,709.16,4196813,8008,-0.35
AMZN,2024-01-03,953.23,956.77,946.38,948.19,4953434,12504,0.01
AAPL,2024-01-04,443.8,446.33,441.2,444.87,2368248,16190,-0.58
TSLA,2024-01-04,490.82,492.32,481.73,484.28,9003627,43325,-0.77
GOOGL,2024-01-04,393.49,399.26,389.73,398.02,3101800,12222,0.66
NFLX,2024-01-04,123.38,131.52,120.36,131.45,8448795,24551,0.11
AMZN,2024-01-04,684.61,694.33,683.53,692.7,8865387,3008,0.82
AAPL,2024-01-05,412.38,417.2,407.6,412.05,5809922,40913,-0.41
TSLA,2024-01-05,447.66,451.04,446.08,448.5,4199003,8599,-0.37
GOOGL,2024-01-05,885.81,887.98,881.86,883.46,4446669,46124,-0.74
NFLX,2024-01-05,364.91,365.56,359.25,361.05,6117486,32696,-0.03
AMZN,2024-01-05,728.97,733.03,725.53,729.35,4536195,7514,-0.58
AAPL,2024-01-06,939.13,943.92,936.95,937.84,2642728,44007,0.56
TSLA,2024-01-06,684.36,691.11,683.19,690.49,6603386,21712,-0.95
GOOGL,2024-01-06,830.99,838.9,827.52,836.97,4967161,1169,0.12
NFLX,2024-01-06,843.35,847.81,837.88,837.92,3291507,48062,0.11
AMZN,2024-01-06,167.31,167.75,157.97,162.87,2443902,27725,0.53
AAPL,2024-01-07,690.7,702.42,686.84,700.61,6696712,35495,-0.81
TSLA,2024-01-07,968.38,972.35,966.24,970.14,8436459,34100,0.93
GOOGL,2024-01-07,841.8,845.7,836.68,841.05,6696298,12776,-0.25
NFLX,2024-01-07,229.42,235.54,228.08,231.97,3463976,41014,0.92
AMZN,2024-01-07,176.67,186.51,176.22,184.2,6099528,46401,0.19
AAPL,2024-01-08,643.74,647.34,632.32,636.03,3068076,2297,-0.19
TSLA,2024-01-08,153.79,157.38,147.39,148.35,5853439,22392,0.47
GOOGL,2024-01-08,543.41,545.57,532.2,535.2,6831410,15548,-0.95
NFLX,2024-01-08,975.12,985.35,974.09,980.62,2668852,14614,-0.98
AMZN,2024-01-08,507.61,521.61,503.96,517.24,6604571,27042,0.93
AAPL,2024-01-09,221.84,225.65,208.87,211.96,9783373,48618,0.07
TSLA,2024-01-09,535.48,537.2,527.65,531.57,8298647,26803,0.69
GOOGL,2024-01-09,252.21,266.12,251.09,261.31,9346836,14651,-0.31
NFLX,2024-01-09,639.82,642.3,633.97,635.94,9512029,37609,-0.87
AMZN,2024-01-09,958.4,961.8,954.33,957.27,7865646,39922,-0.45
AAPL,2024-01-10,900.47,907.78,900.39,904.65,6076847,10164,0.11
TSLA,2024-01-10,860.37,864.98,857.41,862.42,7697712,2423,0.13
GOOGL,2024-01-10,616.47,627.09,612.48,625.19,7569841,25023,-0.83
NFLX,2024-01-10,749.5,749.79,743.08,745.87,9818640,45482,-0.61
AMZN,2024-01-10,412.91,420.96,409.49,417.97,4978813,48603,-0.31
AAPL,2024-01-11,621.71,625.88,620.07,620.82,3937300,32467,0.18
TSLA,2024-01-11,415.18,420.69,410.45,419.25,8946624,18634,-0.54
GOOGL,2024-01-11,141.25,146.54,141.01,143.03,4701196,39696,-0.72
NFLX,2024-01-11,958.45,959.39,956.29,956.85,2043173,21440,-0.76
AMZN,2024-01-11,395.6,397.03,388.64,391.02,9778223,26360,0.16
AAPL,2024-01-12,100.4,104.85,94.92,95.08,7415743,35155,-0.21
TSLA,2024-01-12,403.45,406.35,399.82,404.46,7880976,14557,0.19
GOOGL,2024-01-12,890.16,902.27,890.15,898.97,8121262,1407,-0.64
NFLX,2024-01-12,628.8,629.37,621.95,624.53,9291502,26122,-0.4
AMZN,2024-01-12,227.52,231.49,223.49,230.53,3116150,42923,0.57
AAPL,2024-01-13,312.48,313.85,308.88,313.24,4575914,12497,-0.03
TSLA,2024-01-13,515.48,520.13,513.71,517.54,9363283,36394,0.22
GOOGL,2024-01-13,909.56,911.76,905.24,908.46,3002655,36585,-0.17
NFLX,2024-01-13,194.28,198.67,182.01,186.53,5849953,2745,-0.32
AMZN,2024-01-13,516.11,520.88,507.88,512.09,3101529,44630,-0.42
AAPL,2024-01-14,355.84,364.52,350.86,360.9,9907046,30028,-0.55
TSLA,2024-01-14,425.14,427.81,416.36,418.98,2857429,40159,0.6
GOOGL,2024-01-14,772.27,776.48,761.38,766.14,2971167,21438,-0.54
NFLX,2024-01-14,456.24,458.17,444.05,448.62,4827817,17176,-0.5
AMZN,2024-01-14,925.71,926.46,914.32,919.07,5700849,2509,0.23
AAPL,2024-01-15,614.72,615.36,605.07,605.65,7135912,11318,0.28
TSLA,2024-01-15,316.73,319.89,310.11,314.0,7595394,24268,-0.47
GOOGL,2024-01-15,343.84,348.7,337.46,340.93,2729872,25459,0.98
NFLX,2024-01-15,454.75,457.46,447.8,450.58,4404098,25154,-0.61
AMZN,2024-01-15,454.73,458.67,446.81,449.44,9926433,49569,0.3
AAPL,2024-01-16,112.61,116.03,102.85,107.7,5159550,36653,0.78
TSLA,2024-01-16,857.29,858.48,844.59,847.73,9039766,16923,-0.21
GOOGL,2024-01-16,619.23,628.58,615.05,623.74,7790615,12831,0.31
NFLX,2024-01-16,752.64,757.61,748.72,750.74,3838167,20743,0.99
AMZN,2024-01-16,203.04,203.21,194.25,195.94,8108346,34617,0.02
AAPL,2024-01-17,509.38,509.97,504.42,505.08,4886323,1299,0.13
TSLA,2024-01-17,115.62,120.28,111.19,114.1,2908671,32481,-0.88
GOOGL,2024-01-17,960.43,969.52,959.97,966.36,6848755,45669,0.05
NFLX,2024-01-17,456.78,458.0,449.23,452.4,2252572,20869,-0.98
AMZN,2024-01-17,149.24,154.74,146.95,154.22,8151578,34432,-0.24
AAPL,2024-01-18,829.83,838.68,826.54,837.17,5369941,19066,-0.29
TSLA,2024-01-18,586.06,590.09,578.1,580.24,9796095,49118,-0.79
GOOGL,2024-01-18,387.78,392.24,377.14,381.25,3679502,10641,-0.75
NFLX,2024-01-18,175.36,181.28,170.91,178.06,7975658,5190,0.82
AMZN,2024-01-18,158.89,161.75,155.39,158.65,6937100,5234,0.04
AAPL,2024-01-19,392.28,401.24,389.37,399.26,4761892,25972,0.22
TSLA,2024-01-19,143.76,144.67,141.23,143.98,9190343,48552,0.11
GOOGL,2024-01-19,517.6,519.21,515.52,515.91,9099861,18795,-0.21
NFLX,2024-01-19,737.01,747.72,735.76,743.74,7599803,40320,-0.82
AMZN,2024-01-19,880.38,881.77,870.96,872.8,8806402,30306,0.03
AAPL,2024-01-20,261.65,270.3,261.46,268.86,5884752,15315,-0.38
TSLA,2024-01-20,614.85,622.65,610.92,622.17,3794964,26692,0.63
GOOGL,2024-01-20,668.76,678.18,665.68,677.84,5703214,11414,-0.21
NFLX,2024-01-20,445.01,449.1,434.51,435.98,7860694,14714,-0.49
AMZN,2024-01-20,829.45,841.13,826.91,838.22,4702349,35920,0.75
AAPL,2024-01-21,315.88,320.07,311.46,318.89,7862956,15661,0.27
TSLA,2024-01-21,605.24,607.0,599.48,603.76,7581720,30842,0.71
GOOGL,2024-01-21,784.01,788.48,773.5,775.98,7198933,17018,-0.68
NFLX,2024-01-21,588.62,593.52,584.35,587.97,6548440,34414,-0.35
AMZN,2024-01-21,703.21,711.1,701.44,709.25,6002490,29402,0.88
AAPL,2024-01-22,936.35,936.96,929.79,932.6,1990057,4279,0.89
TSLA,2024-01-22,336.74,348.63,335.37,344.99,5456215,2153,-0.97
GOOGL,2024-01-22,528.69,533.48,516.07,520.12,3553216,49225,0.29
NFLX,2024-01-22,184.14,193.79,182.21,190.41,7347764,30682,0.74
AMZN,2024-01-22,776.0,777.88,771.6,776.97,9406563,22297,0.37
AAPL,2024-01-23,470.09,471.03,460.4,461.06,7574078,23382,-0.72
TSLA,2024-01-23,499.57,503.73,496.81,499.56,8056139,49986,-0.65
GOOGL,2024-01-23,597.6,600.14,589.49,593.09,9907882,30484,0.41
NFLX,2024-01-23,295.5,304.22,292.88,299.6,7107796,24860,-0.18
AMZN,2024-01-23,634.4,637.88,626.49,629.84,6517394,5930,-0.31
AAPL,2024-01-24,202.47,203.96,200.83,202.56,1946599,1232,-0.04
TSLA,2024-01-24,974.56,976.07,961.4,965.15,8257606,49199,0.29
GOOGL,2024-01-24,955.03,955.6,947.88,951.72,4242844,45687,-0.22
NFLX,2024-01-24,763.23,766.07,758.36,765.8,1190506,37149,0.55
AMZN,2024-01-24,603.62,605.11,596.74,600.81,6547562,48691,0.82
AAPL,2024-01-25,768.11,770.63,764.79,768.84,1280984,45348,-0.52
TSLA,2024-01-25,271.67,273.5,260.01,262.67,5285964,5291,0.07
GOOGL,2024-01-25,978.85,991.02,976.14,987.88,4776632,48919,0.26
NFLX,2024-01-25,158.94,170.01,155.13,166.84,6793897,44295,0.25
AMZN,2024-01-25,135.86,139.86,133.47,133.7,8675438,4395,0.67
AAPL,2024-01-26,108.22,117.71,104.83,117.23,1626676,24339,-0.15
TSLA,2024-01-26,522.57,522.6,513.28,513.29,9258843,15087,0.67
GOOGL,2024-01-26,241.92,246.32,241.47,243.64,1793754,26777,0.58
NFLX,2024-01-26,308.18,317.31,306.45,315.97,4297975,29063,-0.5
AMZN,2024-01-26,595.83,599.54,594.8,595.37,5878455,17481,-0.99
AAPL,2024-01-27,450.71,459.06,448.69,457.23,9997897,24804,-0.28
TSLA,2024-01-27,864.46,866.07,855.95,858.72,6017240,33128,0.96
GOOGL,2024-01-27,319.04,321.77,310.73,314.9,9793232,27490,-0.59
NFLX,2024-01-27,975.85,979.8,968.22,971.94,3695242,26356,-0.21
AMZN,2024-01-27,504.47,511.68,504.28,506.89,2497099,18437,-0.52
AAPL,2024-01-28,201.56,206.38,195.53,198.45,6356008,1948,-0.03
TSLA,2024-01-28,998.85,999.62,991.8,994.91,3549138,36860,-0.23
GOOGL,2024-01-28,582.32,584.96,581.63,584.19,3908752,40533,-0.09
NFLX,2024-01-28,818.47,826.68,817.22,824.87,7418764,27985,0.37
AMZN,2024-01-28,663.31,665.81,650.19,653.78,8619154,35598,-0.51
AAPL,2024-01-29,225.0,231.23,222.05,227.34,9399596,32266,-0.49
TSLA,2024-01-29,420.27,425.47,419.16,423.12,4146307,15333,0.12
GOOGL,2024-01-29,888.57,900.88,886.89,895.89,5403905,49169,0.17
NFLX,2024-01-29,965.86,968.93,962.39,965.77,4179873,27392,0.06
AMZN,2024-01-29,353.48,359.47,348.89,355.5,6605493,35898,-0.49
AAPL,2024-01-30,224.13,228.31,215.62,218.13,5206256,14618,-0.96
TSLA,2024-01-30,498.35,502.42,495.5,501.12,7047669,41783,0.8
GOOGL,2024-01-30,611.08,611.16,604.82,607.27,4849644,29529,0.98
NFLX,2024-01-30,829.02,829.32,824.15,826.24,4453006,32228,0.92
AMZN,2024-01-30,261.14,270.67,257.75,270.02,3618032,39321,0.85
AAPL,2024-01-31,970.04,979.38,966.9,976.36,4373512,47277,0.64
TSLA,2024-01-31,530.79,534.18,529.07,533.26,1079967,33821,-0.09
GOOGL,2024-01-31,164.51,167.39,164.31,166.11,4486275,20278,0.71
NFLX,2024-01-31,714.29,714.57,703.99,705.73,9719901,37515,-0.93
AMZN,2024-01-31,344.4,346.89,342.46,344.93,8317269,20851,-0.8
AAPL,2024-02-01,494.78,496.43,488.0,489.57,7623606,26565,0.54
TSLA,2024-02-01,868.0,870.36,861.01,864.91,4270459,12554,-0.95
GOOGL,2024-02-01,836.05,848.04,834.31,843.25,8913808,43681,0.17
NFLX,2024-02-01,312.34,326.44,309.95,321.66,3737689,7346,0.75
AMZN,2024-02-01,364.2,370.55,363.98,368.71,4810925,22205,-0.06
AAPL,2024-02-02,619.87,621.96,608.53,610.6,8976069,32372,0.35
TSLA,2024-02-02,997.63,1004.47,996.18,1002.4,7096554,15950,-0.16
GOOGL,2024-02-02,204.74,208.23,200.56,200.87,5568509,4417,0.23
NFLX,2024-02-02,469.9,474.14,467.59,467.84,3673409,7141,0.86
AMZN,2024-02-02,504.51,506.54,496.38,498.11,5392080,8486,0.99
AAPL,2024-02-03,547.0,555.99,543.69,551.12,8857723,33558,0.17
TSLA,2024-02-03,125.88,132.03,124.3,128.06,7265766,45808,0.06
GOOGL,2024-02-03,205.66,209.32,202.87,204.93,3038258,9570,0.9
NFLX,2024-02-03,885.02,887.95,872.34,876.4,2900258,5088,-0.89
AMZN,2024-02-03,668.55,669.53,661.13,663.88,9509576,40663,-0.35
AAPL,2024-02-04,337.13,341.51,335.04,341.27,2117647,29805,-0.57
TSLA,2024-02-04,401.65,403.61,398.77,402.37,9862648,20324,-0.64
GOOGL,2024-02-04,726.6,730.03,713.51,717.72,1344631,27773,0.81
NFLX,2024-02-04,814.94,817.82,801.98,806.67,2882642,23695,0.53
AMZN,2024-02-04,575.66,580.1,571.29,579.79,5615145,2120,-0.84
AAPL,2024-02-05,285.41,289.49,276.13,276.74,2143244,19737,-0.05
TSLA,2024-02-05,477.15,484.25,476.88,479.71,8468825,28652,0.02
GOOGL,2024-02-05,360.27,360.49,349.32,353.16,9000929,20909,0.03
NFLX,2024-02-05,366.15,374.82,362.2,371.47,7486434,22080,-0.39
AMZN,2024-02-05,400.91,413.16,396.67,409.71,6016727,18828,-0.47
AAPL,2024-02-06,353.27,353.45,340.86,344.5,9171410,2910,0.36
TSLA,2024-02-06,991.18,997.51,989.05,996.27,4925279,31022,0.79
GOOGL,2024-02-06,875.19,876.27,866.99,871.39,5253757,15180,-0.74
NFLX,2024-02-06,612.05,615.18,603.8,605.22,8620106,36167,-0.03
AMZN,2024-02-06,477.64,481.41,473.44,473.47,1268501,46435,0.54
AAPL,2024-02-07,983.04,987.91,969.62,974.13,7627718,6733,-0.82
TSLA,2024-02-07,902.97,907.35,895.7,896.7,6243079,1239,-0.56
GOOGL,2024-02-07,527.27,530.94,515.5,520.04,1226273,7302,-0.46
NFLX,2024-02-07,473.85,480.8,471.37,479.33,8628986,1639,-0.21
AMZN,2024-02-07,898.84,900.02,895.05,898.08,5904141,16625,0.27
AAPL,2024-02-08,498.45,499.72,490.94,493.33,4527298,32429,-0.85
TSLA,2024-02-08,704.68,709.27,697.46,700.9,7114900,21918,0.09
GOOGL,2024-02-08,978.82,989.2,976.01,985.66,9348058,24894,0.48
NFLX,2024-02-08,732.89,736.65,731.26,733.0,1742806,26008,0.1
AMZN,2024-02-08,162.05,176.59,160.81,171.9,7887544,17574,0.31
AAPL,2024-02-09,776.56,780.75,772.0,778.79,7945263,13359,-0.33
TSLA,2024-02-09,752.8,753.16,742.68,744.07,8609105,43675,0.08
GOOGL,2024-02-09,278.19,282.1,272.55,277.06,9569313,46353,0.59
NFLX,2024-02-09,739.3,740.52,733.94,735.56,2545269,43322,-0.95
AMZN,2024-02-09,838.77,841.26,828.29,832.1,1922959,20974,-0.1
AAPL,2024-02-10,412.76,413.51,404.3,406.38,7021710,35014,-0.57
TSLA,2024-02-10,946.09,949.93,939.89,944.24,1878048,37643,0.84
GOOGL,2024-02-10,939.74,943.31,936.01,936.5,1401709,20378,-0.04
NFLX,2024-02-10,689.36,693.36,676.02,680.41,1206117,39323,0.76
AMZN,2024-02-10,151.11,157.01,146.82,152.88,4801175,33008,0.47
AAPL,2024-02-11,209.55,209.55,206.21,206.27,7507202,35640,-0.77
TSLA,2024-02-11,133.05,133.57,122.54,125.63,7761116,22769,0.39
GOOGL,2024-02-11,885.25,885.45,877.62,879.53,9309701,31892,-0.77
NFLX,2024-02-11,711.02,713.76,708.82,713.61,9175768,41262,0.62
AMZN,2024-02-11,162.81,172.77,162.43,172.33,9654604,22434,0.89
AAPL,2024-02-12,411.88,416.82,405.41,407.44,8437608,13758,-0.63
TSLA,2024-02-12,134.85,138.46,125.92,129.8,7758520,7714,0.17
GOOGL,2024-02-12,459.59,467.38,457.64,466.13,4260798,21758,-0.92
NFLX,2024-02-12,651.42,653.5,643.9,645.49,3714873,13611,-0.23
AMZN,2024-02-12,772.46,776.5,769.88,775.27,6932979,12969,-0.15
AAPL,2024-02-13,480.16,488.2,478.13,484.75,9022588,11192,0.24
TSLA,2024-02-13,164.38,171.18,160.95,166.21,9732869,3614,0.91
GOOGL,2024-02-13,807.44,807.67,799.94,801.11,6757963,12449,-0.06
NFLX,2024-02-13,161.09,172.32,158.58,170.93,8267199,46172,0.07
AMZN,2024-02-13,756.05,758.74,753.04,757.09,2724789,34978,0.25
AAPL,2024-02-14,719.44,727.64,715.07,723.37,4376381,12824,-0.24
TSLA,2024-02-14,928.96,929.99,917.12,919.25,1830737,38412,-0.54
GOOGL,2024-02-14,326.07,327.99,325.93,327.31,3233291,36567,-0.58
NFLX,2024-02-14,320.37,324.72,318.32,320.96,7365725,42867,0.06
AMZN,2024-02-14,959.21,961.81,954.91,957.09,5606681,31953,0.58
AAPL,2024-02-15,419.69,425.21,415.02,421.49,3359654,17107,0.65
TSLA,2024-02-15,162.77,171.11,160.36,167.64,2773248,19411,-0.9
GOOGL,2024-02-15,123.38,126.43,114.67,116.36,2435897,12796,-0.89
NFLX,2024-02-15,160.2,160.6,154.92,155.65,1415394,43717,0.37
AMZN,2024-02-15,813.11,813.48,811.39,812.7,7319823,23705,-0.52
AAPL,2024-02-16,709.31,721.03,708.88,718.21,4447882,32027,0.89
TSLA,2024-02-16,256.45,263.11,253.32,259.39,9600963,33610,0.93
GOOGL,2024-02-16,760.21,767.15,756.93,767.05,3602075,48752,0.03
NFLX,2024-02-16,635.51,635.52,627.41,627.47,2263298,1200,0.9
AMZN,2024-02-16,442.37,448.03,442.32,447.65,8576785,12645,-0.2
AAPL,2024-02-17,931.94,935.0,930.23,931.56,8156488,31500,-0.8
TSLA,2024-02-17,480.63,482.48,472.42,473.54,2330515,7266,-0.92
GOOGL,2024-02-17,641.45,650.2,637.56,647.69,9487467,18378,0.06
NFLX,2024-02-17,122.15,127.59,118.51,123.96,8775671,27131,-0.22
AMZN,2024-02-17,347.6,362.12,343.4,357.34,1889027,14687,-0.6
AAPL,2024-02-18,286.15,292.18,282.53,288.22,5629414,46745,0.56
TSLA,2024-02-18,712.35,714.62,709.55,710.79,9310277,7843,-0.08
GOOGL,2024-02-18,257.2,258.63,253.93,256.24,6134999,35995,-0.05
NFLX,2024-02-18,636.73,641.09,625.33,630.03,3249724,3894,0.68
AMZN,2024-02-18,885.39,888.84,884.86,887.56,2074553,7555,0.72
AAPL,2024-02-19,832.45,836.57,827.04,827.36,4762816,45037,0.03
TSLA,2024-02-19,580.89,580.97,580.59,580.89,7515458,2380,-0.61
GOOGL,2024-02-19,254.91,259.47,251.0,255.24,7969604,29918,-0.3
NFLX,2024-02-19,443.76,448.53,441.96,446.68,3925241,41117,0.72
AMZN,2024-02-19,856.18,860.06,849.24,849.62,5124281,10491,0.55
AAPL,2024-02-20,713.58,718.27,703.2,704.51,4001107,27186,0.54
TSLA,2024-02-20,720.97,727.7,718.59,723.63,5897074,29762,-0.41
GOOGL,2024-02-20,669.29,675.99,668.41,672.17,7780024,15084,0.03
NFLX,2024-02-20,385.55,390.26,378.73,380.86,6919784,49565,0.34
AMZN,2024-02-20,663.33,676.13,658.38,672.19,3063706,22821,0.05
AAPL,2024-02-21,309.74,309.9,306.37,308.72,9869028,49498,-0.91
TSLA,2024-02-21,989.3,989.7,979.57,979.93,7897231,15880,-0.39
GOOGL,2024-02-21,831.77,839.34,830.61,835.57,4337943,47252,0.18
NFLX,2024-02-21,744.92,754.81,744.7,749.85,7302858,35608,-0.71
AMZN,2024-02-21,263.17,265.84,256.83,261.07,4553098,28756,0.54
AAPL,2024-02-22,752.11,759.54,748.56,758.45,4417813,11131,-0.74
TSLA,2024-02-22,164.8,168.27,160.35,160.59,3302115,35202,0.54
GOOGL,2024-02-22,226.98,237.14,223.55,233.76,5812125,33651,-0.93
NFLX,2024-02-22,424.49,425.14,412.84,415.28,2721055,38190,-0.93
AMZN,2024-02-22,283.05,286.5,273.85,274.25,5624700,13402,-0.69
AAPL,2024-02-23,956.63,957.5,943.19,947.86,4400957,23749,-0.99
TSLA,2024-02-23,355.44,368.99,353.04,364.4,7421094,16025,-0.11
GOOGL,2024-02-23,921.4,923.09,914.06,917.96,2709699,16121,0.5
NFLX,2024-02-23,842.25,850.21,837.4,848.65,6117860,43326,-0.14
AMZN,2024-02-23,523.05,525.26,511.05,514.67,2390658,12181,-0.14
AAPL,2024-02-24,278.82,280.81,274.65,279.06,6666378,2498,-0.34
TSLA,2024-02-24,180.42,189.75,176.47,186.24,4721902,16462,0.59
GOOGL,2024-02-24,512.42,512.53,502.14,504.42,4180999,10996,0.05
NFLX,2024-02-24,135.59,144.08,131.08,140.41,7904805,27555,0.24
AMZN,2024-02-24,987.93,999.33,985.49,996.47,6297885,25684,0.5
AAPL,2024-02-25,931.19,939.1,929.13,935.52,3392778,33407,0.32
TSLA,2024-02-25,253.57,258.26,245.46,247.46,1309178,3706,0.75
GOOGL,2024-02-25,741.99,742.74,732.23,737.07,5692341,10638,0.28
NFLX,2024-02-25,327.11,328.99,318.31,319.14,1335749,46502,-0.93
AMZN,2024-02-25,866.8,870.65,862.01,868.0,1203719,38649,-0.46
AAPL,2024-02-26,374.18,381.96,372.92,377.48,2412212,14529,-0.07
TSLA,2024-02-26,932.06,935.76,921.65,925.5,5007306,1016,0.86
GOOGL,2024-02-26,288.86,296.23,286.38,291.26,9001991,4761,0.89
NFLX,2024-02-26,733.74,738.92,730.63,737.39,9470516,32866,0.7
AMZN,2024-02-26,703.49,703.63,691.15,695.88,7054894,14162,0.51
AAPL,2024-02-27,453.55,456.43,447.29,451.52,7544112,16065,0.72
TSLA,2024-02-27,487.09,496.62,482.56,493.33,3333135,19016,0.75
GOOGL,2024-02-27,394.33,399.16,392.88,398.78,5034313,11293,-0.52
NFLX,2024-02-27,941.31,942.4,937.18,941.37,1468219,35473,-0.02
AMZN,2024-02-27,233.04,244.96,232.85,241.68,9869372,20947,-0.53
AAPL,2024-02-28,991.37,992.26,987.45,990.17,1462651,17199,-0.63
TSLA,2024-02-28,590.45,600.15,589.62,597.18,3788763,12671,-0.27
GOOGL,2024-02-28,363.6,364.36,362.74,364.28,4967446,41824,0.09
NFLX,2024-02-28,683.53,694.44,683.03,690.99,6711625,42627,-0.97
AMZN,2024-02-28,219.74,229.38,218.92,229.11,8943744,31807,-0.04
AAPL,2024-02-29,819.24,821.35,812.7,816.12,7970067,37138,0.84
TSLA,2024-02-29,270.46,277.23,269.84,275.26,5012222,37808,-0.84
GOOGL,2024-02-29,943.25,947.36,939.84,943.06,2364312,17503,0.22
NFLX,2024-02-29,445.31,445.91,441.94,443.87,5514820,3586,0.84
AMZN,2024-02-29,925.21,928.94,922.22,924.67,8579666,30079,0.76
AAPL,2024-03-01,609.99,623.14,606.74,619.07,3675267,5044,0.58
TSLA,2024-03-01,543.16,546.43,530.32,534.95,8348715,43895,-0.9
GOOGL,2024-03-01,204.05,205.31,195.25,196.35,5658595,41026,0.23
NFLX,2024-03-01,340.56,346.96,340.24,346.45,2976916,48421,-0.5
AMZN,2024-03-01,350.76,357.76,345.81,354.88,8556826,21506,-0.33
AAPL,2024-03-02,739.37,743.38,735.41,741.43,1108959,16066,-0.02
TSLA,2024-03-02,807.89,815.26,805.83,811.33,4964618,35542,0.53
GOOGL,2024-03-02,794.9,796.71,792.75,793.3,1620481,45743,0.92
NFLX,2024-03-02,160.45,164.55,155.9,163.21,3039710,12829,0.61
AMZN,2024-03-02,860.45,871.78,858.41,869.38,6544913,38390,-0.22
AAPL,2024-03-03,196.87,202.8,193.43,198.78,2231044,47666,-0.07
TSLA,2024-03-03,466.08,470.66,462.05,470.48,5834022,40515,-0.66
GOOGL,2024-03-03,458.4,462.68,455.93,457.59,4110318,35936,-0.01
NFLX,2024-03-03,557.74,562.29,556.81,560.69,2699917,33204,-0.48
AMZN,2024-03-03,671.16,671.3,665.96,667.11,2222704,29420,0.91
AAPL,2024-03-04,212.22,220.93,209.89,220.57,1274795,3445,0.28
TSLA,2024-03-04,836.87,838.71,829.62,833.79,8576250,45301,-0.86
GOOGL,2024-03-04,965.42,972.33,962.27,971.65,8515066,2286,-0.88
NFLX,2024-03-04,323.27,333.13,322.43,330.88,6730977,39713,0.67
AMZN,2024-03-04,976.92,982.96,976.24,981.35,8085184,47798,0.13
AAPL,2024-03-05,166.0,170.09,161.09,166.65,2210332,42245,-0.58
TSLA,2024-03-05,835.17,837.2,827.27,828.21,2033916,42197,0.07
GOOGL,2024-03-05,473.57,475.89,469.39,469.99,7190288,19122,0.45
NFLX,2024-03-05,804.51,805.95,797.76,798.41,1156942,39835,-0.4
AMZN,2024-03-05,259.98,264.84,255.28,261.98,1618179,3283,0.05
AAPL,2024-03-06,336.4,340.59,326.65,328.47,2515438,30456,-0.64
TSLA,2024-03-06,958.09,966.2,953.31,962.26,1904839,44066,-0.66
GOOGL,2024-03-06,846.07,848.62,843.62,844.37,8564203,46364,0.67
NFLX,2024-03-06,184.97,194.68,183.16,193.25,8368642,34688,-0.79
AMZN,2024-03-06,686.04,695.22,682.95,694.46,7462541,27252,0.82
AAPL,2024-03-07,985.9,990.85,984.49,985.88,4778179,41835,-0.44
TSLA,2024-03-07,857.96,869.03,855.5,865.57,7465305,25733,0.56
GOOGL,2024-03-07,808.33,816.09,803.63,815.54,4985778,13660,-0.02
NFLX,2024-03-07,825.26,829.59,814.75,818.96,1927941,25070,0.5
AMZN,2024-03-07,652.5,656.85,651.74,653.47,7515885,40588,0.01
AAPL,2024-03-08,229.62,236.19,225.1,233.65,8103205,2310,0.47
TSLA,2024-03-08,187.05,190.04,181.06,181.62,3531489,4561,-0.71
GOOGL,2024-03-08,462.92,467.53,451.38,453.41,2468934,14063,-0.01
NFLX,2024-03-08,633.15,640.72,630.59,639.32,6411028,49843,0.8
AMZN,2024-03-08,210.04,221.31,205.96,218.69,2639228,3596,0.24
AAPL,2024-03-09,742.63,745.33,733.45,734.57,1660079,28095,0.78
TSLA,2024-03-09,275.46,286.27,274.64,282.91,5310881,44881,0.62
GOOGL,2024-03-09,445.28,456.04,442.91,454.72,9048315,11655,-0.49
NFLX,2024-03-09,457.97,472.33,456.17,467.96,1959548,6196,0.7
AMZN,2024-03-09,239.33,246.22,235.44,242.85,5655913,8710,-0.91
AAPL,2024-03-10,803.4,807.85,797.5,797.77,5793889,48976,0.23
TSLA,2024-03-10,481.67,490.67,481.65,487.45,4231367,37061,-0.49
GOOGL,2024-03-10,678.41,683.2,674.36,678.77,6048084,8327,-0.56
NFLX,2024-03-10,973.87,977.66,973.13,974.33,9794668,31306,0.64
AMZN,2024-03-10,896.77,906.1,895.77,903.55,7888610,19647,-0.6
AAPL,2024-03-11,976.47,978.5,968.89,969.13,7363409,38077,0.69
TSLA,2024-03-11,778.54,783.24,773.98,781.19,6778351,27677,-0.88
GOOGL,2024-03-11,408.06,408.78,399.51,399.87,3235961,37125,-0.52
NFLX,2024-03-11,731.55,735.33,719.02,723.69,9245632,29237,-0.46
AMZN,2024-03-11,854.25,867.07,853.79,862.07,1090801,22590,0.75
AAPL,2024-03-12,254.21,262.74,251.92,260.88,4443967,10940,-0.87
TSLA,2024-03-12,687.54,690.67,684.74,686.22,3140151,12751,0.78
GOOGL,2024-03-12,109.56,115.99,107.49,112.49,5533117,4246,0.38
NFLX,2024-03-12,157.52,166.4,154.41,164.04,9366569,43946,0.22
AMZN,2024-03-12,814.86,814.96,808.34,809.0,9715508,24887,0.71
AAPL,2024-03-13,106.07,112.3,101.81,110.96,7715850,14725,0.14
TSLA,2024-03-13,564.64,564.96,555.79,556.27,7914066,40539,-0.99
GOOGL,2024-03-13,749.3,751.44,746.52,751.1,4297668,21839,0.36
NFLX,2024-03-13,113.3,124.51,111.92,122.38,2049554,25822,0.74
AMZN,2024-03-13,488.45,491.01,484.94,490.01,1905893,43609,-0.58
AAPL,2024-03-14,790.55,795.43,788.03,792.8,8837323,4640,-0.32
TSLA,2024-03-14,593.88,596.58,590.83,592.45,8732665,47721,0.3
GOOGL,2024-03-14,312.25,312.85,301.73,303.88,6561112,32948,-0.51
NFLX,2024-03-14,675.23,682.33,673.42,679.49,1693611,47083,0.86
AMZN,2024-03-14,724.66,727.84,720.82,721.96,9960550,19513,0.73
AAPL,2024-03-15,711.21,719.25,707.32,715.92,2060608,25515,0.82
TSLA,2024-03-15,506.94,513.51,505.2,509.99,5769020,40501,-0.81
GOOGL,2024-03-15,447.85,449.42,437.0,438.78,4838784,3153,0.0
NFLX,2024-03-15,225.01,225.91,214.6,216.11,7346180,15316,0.66
AMZN,2024-03-15,350.09,350.21,341.64,341.89,5265182,39490,0.65
AAPL,2024-03-16,590.1,598.58,589.46,596.64,2739167,10314,-0.42
TSLA,2024-03-16,574.02,575.06,561.18,564.24,3735801,14080,-0.04
GOOGL,2024-03-16,636.26,637.47,628.83,629.58,5217879,1515,-0.18
NFLX,2024-03-16,142.49,153.59,140.05,149.21,1004956,36155,0.34
AMZN,2024-03-16,637.78,641.68,624.12,627.92,8241702,19787,-0.68
AAPL,2024-03-17,292.79,293.19,291.84,292.14,8451921,28565,0.63
TSLA,2024-03-17,220.17,224.69,209.34,211.94,4457302,45677,0.26
GOOGL,2024-03-17,866.33,866.42,860.19,863.81,9563264,34418,0.3
NFLX,2024-03-17,997.73,1004.97,993.72,1000.79,6021365,16027,-0.47
AMZN,2024-03-17,875.25,882.61,874.93,880.61,3567631,15168,-0.86
AAPL,2024-03-18,752.91,763.47,749.52,762.75,2711067,46121,0.64
TSLA,2024-03-18,852.88,865.24,849.56,862.56,4226716,17320,0.9
GOOGL,2024-03-18,598.09,603.55,594.02,603.31,5746275,28334,0.58
NFLX,2024-03-18,384.08,387.54,373.06,375.96,5395999,6176,0.63
AMZN,2024-03-18,900.21,904.54,888.14,892.46,2081520,4846,0.81
AAPL,2024-03-19,444.64,447.77,439.17,440.78,2348611,13059,-0.45
TSLA,2024-03-19,947.06,949.79,945.21,947.79,5727374,10895,-0.7
GOOGL,2024-03-19,818.06,821.53,812.5,814.54,9878373,2158,0.45
NFLX,2024-03-19,535.57,540.31,530.48,534.54,8394214,28860,0.61
AMZN,2024-03-19,141.41,150.74,138.32,146.32,3879625,7918,-0.12
AAPL,2024-03-20,807.08,812.61,803.1,811.21,7209562,3858,-0.96
TSLA,2024-03-20,619.92,626.49,619.31,624.24,6119095,18428,-0.78
GOOGL,2024-03-20,449.5,457.03,446.96,454.91,4299607,19358,-0.33
NFLX,2024-03-20,406.49,410.79,399.92,403.33,2487472,21934,0.65
AMZN,2024-03-20,164.88,165.12,159.95,160.05,6913139,34697,0.62
AAPL,2024-03-21,100.95,103.81,91.22,94.05,9049077,6883,0.51
TSLA,2024-03-21,870.8,881.49,866.67,880.38,9796131,47155,-0.41
GOOGL,2024-03-21,702.8,714.92,701.81,711.48,5365137,33544,0.69
NFLX,2024-03-21,245.94,248.93,238.98,240.06,1102413,43611,0.63
AMZN,2024-03-21,270.09,271.12,263.19,264.69,8245991,42526,0.03
AAPL,2024-03-22,957.91,967.92,956.34,967.02,5501372,14134,-0.91
TSLA,2024-03-22,921.46,922.64,914.94,917.55,4217299,48041,0.21
GOOGL,2024-03-22,752.33,752.71,745.23,745.61,1313083,41583,0.34
NFLX,2024-03-22,410.66,414.35,403.13,407.02,4133990,30037,-0.36
AMZN,2024-03-22,882.49,884.55,876.79,878.13,6387800,6509,0.1
AAPL,2024-03-23,214.34,215.49,206.36,210.29,4158059,47351,-0.74
TSLA,2024-03-23,593.15,597.98,591.6,594.99,6560630,37251,0.67
GOOGL,2024-03-23,342.34,352.4,338.35,349.69,6953996,38155,-0.74
NFLX,2024-03-23,676.57,681.22,667.35,667.96,7101248,39423,-0.54
AMZN,2024-03-23,182.52,186.26,176.85,179.54,5819421,44946,-0.48
AAPL,2024-03-24,399.94,402.36,392.08,394.74,1930718,31783,0.36
TSLA,2024-03-24,761.59,762.14,754.83,755.74,1205110,15112,0.33
GOOGL,2024-03-24,530.86,538.33,527.57,535.21,6429938,12252,-0.75
NFLX,2024-03-24,658.97,662.76,653.76,654.47,6343308,12824,0.89
AMZN,2024-03-24,119.44,123.86,111.9,113.16,6631840,27451,-0.81
AAPL,2024-03-25,667.78,669.37,664.64,668.17,5985068,21916,-0.55
TSLA,2024-03-25,898.55,903.02,886.73,888.65,2840142,43203,-0.04
GOOGL,2024-03-25,555.45,557.37,552.72,553.11,5696807,27882,-0.24
NFLX,2024-03-25,351.0,359.39,347.74,359.02,6040950,47754,0.96
AMZN,2024-03-25,341.91,346.54,338.18,342.35,9855501,19782,-0.41
AAPL,2024-03-26,636.03,647.21,634.52,643.17,9206968,19393,0.9
TSLA,2024-03-26,831.34,835.75,830.83,832.74,1349768,16607,0.53
GOOGL,2024-03-26,813.68,814.03,812.76,814.01,4992426,4094,-0.27
NFLX,2024-03-26,484.52,485.92,481.51,482.64,3526446,48243,0.84
AMZN,2024-03-26,577.29,577.4,567.15,568.14,9093268,42764,0.66
AAPL,2024-03-27,630.68,636.01,629.64,635.05,1083546,5222,0.57
TSLA,2024-03-27,170.24,180.03,165.79,179.97,6529904,17672,-0.82
GOOGL,2024-03-27,639.92,643.98,633.87,635.05,9196994,35286,0.52
NFLX,2024-03-27,166.09,171.61,164.04,170.93,4202661,24638,0.72
AMZN,2024-03-27,402.99,406.96,397.02,398.21,8408403,28667,0.34
AAPL,2024-03-28,168.22,171.58,161.74,162.46,3613836,41250,-0.95
TSLA,2024-03-28,689.94,693.1,686.23,691.11,5867404,17241,-0.93
GOOGL,2024-03-28,482.81,486.04,478.13,484.58,5516076,48400,0.37
NFLX,2024-03-28,218.69,231.23,215.7,226.27,3782145,40165,-0.28
AMZN,2024-03-28,977.88,981.24,973.84,974.18,7399570,11666,0.42
AAPL,2024-03-29,803.79,807.2,790.46,794.93,3209923,41597,0.81
TSLA,2024-03-29,324.13,332.89,323.34,331.45,9874866,9619,-0.12
GOOGL,2024-03-29,413.81,421.83,410.9,420.82,3634116,26371,-0.52
NFLX,2024-03-29,957.39,960.69,953.89,959.51,5138802,30816,-0.72
AMZN,2024-03-29,957.98,959.84,950.29,954.81,8204286,13006,-0.08
AAPL,2024-03-30,289.68,293.66,287.03,291.94,7077206,29574,0.3
TSLA,2024-03-30,212.45,219.78,207.55,215.0,6871667,32612,0.81
GOOGL,2024-03-30,832.44,838.24,829.72,836.54,8414600,22658,-0.22
NFLX,2024-03-30,720.09,729.05,718.07,724.71,7039267,30493,0.91
AMZN,2024-03-30,561.73,565.67,554.5,557.3,4524996,41874,-0.38
AAPL,2024-03-31,727.42,728.82,716.47,718.76,4487828,33947,-0.52
TSLA,2024-03-31,918.13,921.43,914.57,916.17,7408403,18028,0.16
GOOGL,2024-03-31,529.63,532.51,520.33,522.75,9683907,19940,0.19
NFLX,2024-03-31,434.68,440.62,433.63,437.5,9409515,32223,-0.66
AMZN,2024-03-31,317.96,328.16,316.85,326.29,8536643,44728,0.97
AAPL,2024-04-01,422.07,423.29,415.4,418.86,3487260,31299,-0.19
TSLA,2024-04-01,312.74,321.77,311.85,320.41,7589105,28182,0.33
GOOGL,2024-04-01,793.12,795.53,787.98,792.84,9876605,21660,0.12
NFLX,2024-04-01,282.18,286.33,281.01,286.16,5516693,40015,-0.5
AMZN,2024-04-01,893.28,902.48,889.66,901.68,8736944,43822,0.33
AAPL,2024-04-02,922.96,925.55,910.97,913.29,7004902,28040,0.05
TSLA,2024-04-02,571.12,572.05,565.89,566.59,9280839,7681,0.02
GOOGL,2024-04-02,525.05,529.25,513.7,517.62,2277749,8774,-0.34
NFLX,2024-04-02,756.07,764.4,752.91,759.48,5642561,13792,-0.33
AMZN,2024-04-02,156.96,166.65,152.99,165.12,4337197,28845,-0.77
AAPL,2024-04-03,664.84,667.79,661.18,662.09,8494618,25713,-0.42
TSLA,2024-04-03,813.25,823.76,809.86,822.84,6742584,1288,0.58
GOOGL,2024-04-03,883.39,892.43,880.65,890.94,6551847,39059,-0.01
NFLX,2024-04-03,319.1,321.23,309.03,311.76,1433409,43484,0.75
AMZN,2024-04-03,124.07,128.1,120.58,124.24,9074820,9975,-0.49
AAPL,2024-04-04,677.28,687.04,674.09,682.42,1312255,3214,0.71
TSLA,2024-04-04,830.05,835.77,826.33,834.99,9889234,43351,-0.31
GOOGL,2024-04-04,531.28,534.55,530.84,531.45,7176432,7301,-0.93
NFLX,2024-04-04,208.28,211.74,204.05,204.51,3235299,4611,0.65
AMZN,2024-04-04,857.49,859.16,848.57,851.0,1417992,34905,-0.61
AAPL,2024-04-05,759.89,764.36,755.65,763.84,1767187,25850,-0.06
TSLA,2024-04-05,838.4,840.41,833.51,834.76,7192349,12977,-0.55
GOOGL,2024-04-05,584.15,590.39,581.4,585.43,1097251,43976,-0.5
NFLX,2024-04-05,286.34,290.53,277.44,279.14,3306225,17750,-0.13
AMZN,2024-04-05,574.84,582.29,570.39,577.93,8385237,10531,-0.82
AAPL,2024-04-06,771.2,774.71,762.79,763.91,5044152,36838,-0.32
TSLA,2024-04-06,994.11,997.5,984.68,987.46,6641285,1159,0.41
GOOGL,2024-04-06,956.81,956.94,955.3,956.45,4263819,4258,0.09
NFLX,2024-04-06,841.07,844.7,840.15,840.49,5097028,27775,0.4
AMZN,2024-04-06,573.18,579.86,568.4,576.41,3257841,2940,-0.58
AAPL,2024-04-07,492.83,496.3,491.43,495.86,2384813,33515,-0.36
TSLA,2024-04-07,343.86,348.5,339.07,340.91,1432142,8524,-0.44
GOOGL,2024-04-07,446.14,450.29,442.49,447.56,8037994,29560,-0.52
NFLX,2024-04-07,808.71,809.83,796.45,799.59,9979076,16280,0.68
AMZN,2024-04-07,195.79,199.85,194.03,194.46,2109294,38492,0.33
AAPL,2024-04-08,689.87,691.99,688.19,688.87,3500642,16340,0.01
TSLA,2024-04-08,999.16,1007.37,997.02,1006.15,3436869,44647,0.86
GOOGL,2024-04-08,108.23,113.04,103.74,110.27,4006119,12717,-0.62
NFLX,2024-04-08,134.98,137.64,130.69,132.63,1412744,18436,-0.27
AMZN,2024-04-08,205.17,211.72,202.0,207.54,9667786,12722,0.07
AAPL,2024-04-09,705.67,706.03,701.11,704.46,9573566,2479,-0.57
TSLA,2024-04-09,396.92,401.18,390.71,394.11,2010397,39717,-0.68
GOOGL,2024-04-09,681.74,691.61,679.57,689.54,4058977,27111,-0.35
NFLX,2024-04-09,876.13,882.52,873.03,880.39,5081483,17976,-0.03
AMZN,2024-04-09,768.7,771.11,762.84,767.6,6949674,43354,-0.46
AAPL,2024-04-10,629.58,634.81,628.04,634.34,4602776,35931,-0.74
TSLA,2024-04-10,229.6,232.87,225.86,232.7,1252377,32539,-0.83
GOOGL,2024-04-10,542.88,545.7,537.24,539.62,1032300,14006,0.19
NFLX,2024-04-10,481.61,492.57,479.71,489.74,3374761,4684,-0.04
AMZN,2024-04-10,616.19,619.83,614.79,617.2,4814395,41258,-0.39
AAPL,2024-04-11,413.57,416.13,400.97,405.82,4016386,19764,-0.89
TSLA,2024-04-11,252.14,256.23,250.17,253.37,9133402,30681,-0.55
GOOGL,2024-04-11,410.05,414.08,396.65,400.3,2614057,4922,-0.06
NFLX,2024-04-11,553.26,557.42,550.05,551.22,2314058,36778,-0.32
AMZN,2024-04-11,423.85,429.85,419.72,426.08,2996200,47614,-0.64
AAPL,2024-04-12,766.16,777.06,762.46,773.43,5016532,16024,0.14
TSLA,2024-04-12,553.65,556.95,552.87,554.8,6850272,11111,-0.47
GOOGL,2024-04-12,374.06,379.37,372.84,377.18,4252141,32957,-0.56
NFLX,2024-04-12,405.99,416.81,401.66,413.95,5147043,7407,0.2
AMZN,2024-04-12,384.1,390.0,381.76,389.3,2754597,19749,0.79
AAPL,2024-04-13,666.68,671.08,662.7,669.77,9631372,21559,0.67
TSLA,2024-04-13,521.96,527.15,519.86,523.8,9572295,7012,0.48
GOOGL,2024-04-13,125.03,128.73,122.72,128.27,6210615,8178,-0.88
NFLX,2024-04-13,102.63,109.11,97.68,104.83,8671603,45723,0.72
AMZN,2024-04-13,367.76,374.4,366.56,374.4,3005915,2629,-0.5
AAPL,2024-04-14,403.95,406.11,396.95,401.56,5814530,37976,0.86
TSLA,2024-04-14,894.24,898.1,884.95,887.81,3274129,29481,0.87
GOOGL,2024-04-14,929.98,938.38,927.28,937.26,4329286,42582,0.77
NFLX,2024-04-14,856.83,870.45,854.56,866.65,2593663,17553,0.35
AMZN,2024-04-14,927.15,930.44,922.18,928.55,3851349,20163,0.92
AAPL,2024-04-15,184.21,190.45,181.69,185.59,5407833,26547,-0.4
TSLA,2024-04-15,325.35,332.68,324.24,329.28,8314161,36776,-0.03
GOOGL,2024-04-15,971.03,973.76,962.75,966.14,8090112,48772,-0.76
NFLX,2024-04-15,810.54,812.46,797.32,801.37,9198641,32678,-0.01
AMZN,2024-04-15,403.34,404.48,401.52,404.02,7018193,19730,0.59
AAPL,2024-04-16,109.58,117.89,104.64,114.93,9332374,1162,0.87
TSLA,2024-04-16,743.15,743.81,733.45,734.94,1045603,43718,-0.12
GOOGL,2024-04-16,704.01,711.25,702.99,707.69,8793065,29470,0.24
NFLX,2024-04-16,581.69,583.3,569.57,572.79,1549801,4087,-0.09
AMZN,2024-04-16,830.37,841.44,829.26,840.16,4093066,17629,-0.47
AAPL,2024-04-17,257.76,261.85,257.15,257.17,9204282,20135,0.18
TSLA,2024-04-17,197.21,202.16,187.41,190.35,5619509,26735,-0.43
GOOGL,2024-04-17,903.31,913.13,899.85,910.7,6859701,45263,-0.3
NFLX,2024-04-17,311.7,323.92,307.41,321.02,2405269,12451,-0.66
AMZN,2024-04-17,687.18,695.65,686.18,693.68,6401370,33171,-0.3
AAPL,2024-04-18,548.8,556.49,547.61,552.68,3949904,5883,-0.1
TSLA,2024-04-18,867.17,876.02,866.94,872.41,2839738,23893,-0.39
GOOGL,2024-04-18,262.06,269.08,258.12,268.74,9171115,37230,-0.03
NFLX,2024-04-18,668.75,676.5,665.91,675.73,2438299,34608,-0.72
AMZN,2024-04-18,213.18,218.82,211.86,216.46,1908249,44534,-0.46
AAPL,2024-04-19,337.79,344.37,337.68,341.53,2885384,13112,0.79
TSLA,2024-04-19,731.33,741.73,727.56,738.96,5676886,11008,-0.99
GOOGL,2024-04-19,648.04,650.94,639.8,640.05,7752855,38204,-0.15
NFLX,2024-04-19,429.98,431.29,422.02,422.7,8452515,45982,-0.95
AMZN,2024-04-19,533.16,538.05,522.56,523.77,9255763,25182,0.56
AAPL,2024-04-20,378.83,382.74,370.49,374.2,5802267,25940,0.24
TSLA,2024-04-20,494.46,504.49,492.95,501.5,1758718,49541,-0.7
GOOGL,2024-04-20,213.2,216.58,211.22,214.36,7952923,15853,0.05
NFLX,2024-04-20,710.71,718.53,707.98,715.69,7689913,9755,-0.61
AMZN,2024-04-20,953.76,956.56,952.83,953.1,8923678,27949,0.09
AAPL,2024-04-21,520.21,520.43,517.99,519.61,8024546,26214,0.93
TSLA,2024-04-21,794.64,802.08,793.66,801.12,2352961,6587,-0.27
GOOGL,2024-04-21,898.42,899.59,894.32,895.13,3720814,41143,-0.53
NFLX,2024-04-21,675.79,679.58,665.59,670.05,4321047,33029,-0.03
AMZN,2024-04-21,417.68,427.27,414.27,423.05,8914620,6500,0.24
AAPL,2024-04-22,859.56,862.74,855.85,862.66,3899758,33974,0.98
TSLA,2024-04-22,702.49,705.92,697.6,704.75,3160757,26798,0.9
GOOGL,2024-04-22,786.77,790.34,780.33,781.2,7324349,3818,0.18
NFLX,2024-04-22,548.51,561.77,547.71,557.77,6289135,8663,-0.0
AMZN,2024-04-22,113.97,115.79,109.34,113.98,2561997,28219,0.53
AAPL,2024-04-23,378.95,383.99,375.82,381.51,3511029,14981,-0.14
TSLA,2024-04-23,948.29,948.69,935.22,938.92,1694403,19904,0.97
GOOGL,2024-04-23,834.68,837.04,828.28,829.48,8559724,16891,0.41
NFLX,2024-04-23,797.6,802.56,796.39,797.65,5281285,29927,-0.06
AMZN,2024-04-23,482.35,482.61,474.58,478.49,7384747,33725,-0.62
AAPL,2024-04-24,212.63,214.03,204.55,204.61,5169695,27905,-0.25
TSLA,2024-04-24,528.28,529.5,520.93,523.75,4440671,21231,0.86
GOOGL,2024-04-24,706.67,707.54,696.88,700.03,1314440,19411,0.29
NFLX,2024-04-24,765.03,768.97,763.01,768.19,1527850,1595,0.3
AMZN,2024-04-24,182.38,190.05,181.22,186.78,2468669,38622,0.78
AAPL,2024-04-25,213.96,215.82,213.63,215.75,5412781,17494,-0.09
TSLA,2024-04-25,167.9,172.85,156.67,158.98,7053219,42726,0.19
GOOGL,2024-04-25,360.44,371.1,359.42,366.9,4356163,21941,0.35
NFLX,2024-04-25,213.53,214.51,208.95,210.26,6288926,42077,-0.97
AMZN,2024-04-25,516.79,519.05,506.98,509.81,1898448,26969,0.19
AAPL,2024-04-26,608.83,620.17,605.95,616.96,3792703,14868,-0.32
TSLA,2024-04-26,919.45,929.31,918.52,925.49,1506861,44574,-0.06
GOOGL,2024-04-26,880.93,891.13,877.7,889.72,3331129,43370,-0.19
NFLX,2024-04-26,646.22,649.5,641.69,642.69,8607938,44148,-0.85
AMZN,2024-04-26,622.92,627.83,621.92,623.15,2168202,12690,-0.58
AAPL,2024-04-27,225.01,226.14,213.59,218.41,6227962,47015,-0.63
TSLA,2024-04-27,618.49,623.21,617.76,621.09,3777407,33889,-0.56
GOOGL,2024-04-27,636.63,646.57,633.5,644.76,2366648,28139,0.12
NFLX,2024-04-27,771.68,777.71,767.16,773.92,8061600,39716,-0.5
AMZN,2024-04-27,117.94,124.74,114.6,123.6,8297218,32778,-0.36
AAPL,2024-04-28,614.86,619.45,611.19,612.44,6783978,29513,-0.32
TSLA,2024-04-28,209.19,210.87,198.79,203.22,7807630,20453,0.91
GOOGL,2024-04-28,575.66,578.49,569.6,574.19,9318087,44882,-0.72
NFLX,2024-04-28,710.57,714.12,700.65,705.01,4818220,40706,0.01
AMZN,2024-04-28,433.87,437.02,425.07,425.89,2166233,11624,0.5
AAPL,2024-04-29,345.64,353.46,344.25,349.97,2448029,24929,-0.84
TSLA,2024-04-29,886.2,896.9,886.15,891.96,8021606,7091,0.05
GOOGL,2024-04-29,196.84,202.24,192.31,201.8,3264185,33042,0.39
NFLX,2024-04-29,270.24,278.4,268.44,276.25,3575521,43304,0.43
AMZN,2024-04-29,310.63,312.99,309.01,312.86,8247570,7590,0.05
AAPL,2024-04-30,211.2,217.48,208.05,216.47,2191113,30524,0.48
TSLA,2024-04-30,636.09,636.35,627.84,628.38,4630356,11619,-0.02
GOOGL,2024-04-30,958.99,961.61,955.68,955.78,3257357,48588,0.9
NFLX,2024-04-30,497.4,497.81,488.45,492.73,5164391,42928,-0.2
AMZN,2024-04-30,557.83,564.4,554.28,561.49,2718205,7035,-0.27
AAPL,2024-05-01,655.64,659.67,649.99,650.78,5689756,38452,-0.93
TSLA,2024-05-01,261.72,270.67,256.74,268.21,1374840,6785,0.45
GOOGL,2024-05-01,671.35,674.5,662.52,665.75,1903493,23260,0.81
NFLX,2024-05-01,195.4,197.77,190.62,191.53,2800047,27608,0.65
AMZN,2024-05-01,252.58,256.21,244.3,247.28,6420773,30530,0.78
AAPL,2024-05-02,276.91,283.62,274.14,280.08,8949673,28538,-0.4
TSLA,2024-05-02,765.45,770.07,758.78,760.22,6564159,10577,-0.89
GOOGL,2024-05-02,435.66,439.42,421.36,425.87,3352682,32077,-0.17
NFLX,2024-05-02,214.61,216.43,210.34,211.03,7884508,19897,-0.29
AMZN,2024-05-02,752.28,764.62,749.15,760.66,5006790,30868,0.54
AAPL,2024-05-03,299.25,303.68,294.48,295.59,3232827,49748,-0.72
TSLA,2024-05-03,795.63,802.87,793.93,801.29,4754387,45285,0.43
GOOGL,2024-05-03,446.95,454.0,445.49,450.05,9586301,39413,-0.12
NFLX,2024-05-03,703.57,711.56,701.02,710.63,6849566,5809,0.49
AMZN,2024-05-03,145.94,155.81,142.05,151.73,8363431,18877,-0.71
AAPL,2024-05-04,669.95,679.29,665.55,675.17,4582186,5530,0.71
TSLA,2024-05-04,261.18,265.41,257.4,262.52,2045775,5907,-0.75
GOOGL,2024-05-04,241.33,243.44,230.17,235.03,6407154,30135,-0.78
NFLX,2024-05-04,603.1,609.61,599.39,608.67,5684513,14869,-0.21
AMZN,2024-05-04,267.61,268.87,265.76,266.39,6848299,43301,0.98
AAPL,2024-05-05,768.28,777.17,765.6,775.59,8585873,3345,0.41
TSLA,2024-05-05,212.65,219.94,208.63,219.0,3197393,2681,-0.88
GOOGL,2024-05-05,990.14,1001.04,988.42,997.3,4017031,47229,-0.33
NFLX,2024-05-05,595.39,601.5,590.44,601.34,5985397,16091,0.95
AMZN,2024-05-05,196.66,201.02,187.76,190.01,4790471,8160,0.1
AAPL,2024-05-06,615.85,619.85,611.55,617.66,7262112,47545,0.77
TSLA,2024-05-06,499.78,502.52,497.65,501.3,9777777,35401,-0.2
GOOGL,2024-05-06,882.77,885.93,876.41,878.55,4248684,20306,-0.07
NFLX,2024-05-06,939.92,946.83,939.79,945.86,1743916,42452,0.74
AMZN,2024-05-06,262.19,265.48,253.28,258.18,4528779,8788,-0.85
AAPL,2024-05-07,225.88,229.86,216.25,217.51,4634512,16046,-0.31
TSLA,2024-05-07,224.73,229.21,219.99,228.3,3990089,20953,-0.88
GOOGL,2024-05-07,747.8,758.62,744.83,757.08,4278047,43509,0.83
NFLX,2024-05-07,160.12,161.93,150.89,152.97,6682305,9028,-0.62
AMZN,2024-05-07,827.84,830.73,821.28,823.91,5285075,14503,-0.22
AAPL,2024-05-08,876.03,877.95,871.45,872.36,1127414,4752,-0.69
TSLA,2024-05-08,481.82,488.28,478.61,486.66,9798422,38043,0.03
GOOGL,2024-05-08,247.78,253.96,244.96,249.82,1443377,12257,-0.84
NFLX,2024-05-08,517.49,521.19,508.46,512.57,3305157,24269,0.34
AMZN,2024-05-08,140.68,142.67,133.52,135.79,8682842,6635,-0.55
AAPL,2024-05-09,443.77,446.88,441.28,445.0,3795206,12900,0.32
TSLA,2024-05-09,404.83,416.1,402.18,411.42,3577017,42329,-0.54
GOOGL,2024-05-09,722.95,723.82,717.75,722.35,4828749,38209,-0.28
NFLX,2024-05-09,644.68,651.1,642.3,650.59,4657173,23471,-0.31
AMZN,2024-05-09,346.97,354.35,342.29,350.91,6098856,2515,0.09
AAPL,2024-05-10,696.51,707.69,696.18,702.97,6280509,2340,0.1
TSLA,2024-05-10,614.54,622.23,612.77,619.75,7582073,42172,-0.06
GOOGL,2024-05-10,571.77,574.96,562.4,565.9,1725109,16148,0.01
NFLX,2024-05-10,290.73,295.48,279.06,282.33,8641410,4204,-0.81
AMZN,2024-05-10,274.47,278.02,273.43,274.7,2428612,3429,0.44
AAPL,2024-05-11,769.09,772.17,765.06,768.71,4096839,2054,-0.92
TSLA,2024-05-11,380.9,391.42,377.82,387.59,6562518,6142,-0.38
GOOGL,2024-05-11,613.47,617.94,603.05,603.93,6150496,32464,-0.5
NFLX,2024-05-11,106.03,108.05,95.52,96.44,8231290,21027,-0.83
AMZN,2024-05-11,228.73,240.5,228.09,237.62,6900639,26844,0.96
AAPL,2024-05-12,575.28,578.1,572.67,573.22,3297473,43975,-0.36
TSLA,2024-05-12,418.3,422.56,414.45,417.31,6628136,5360,0.39
GOOGL,2024-05-12,347.52,350.98,341.38,344.13,9968739,13311,0.51
NFLX,2024-05-12,844.01,854.2,843.41,849.89,7288183,12673,-0.64
AMZN,2024-05-12,101.98,102.43,94.67,97.75,8305496,48862,-0.18
AAPL,2024-05-13,845.23,846.24,835.33,837.65,2365480,14482,-0.01
TSLA,2024-05-13,267.49,269.11,267.15,267.74,6158581,35908,0.12
GOOGL,2024-05-13,465.67,469.65,460.3,460.41,2597420,35477,-0.67
NFLX,2024-05-13,726.71,737.14,724.14,734.23,9096021,17767,0.05
AMZN,2024-05-13,450.24,461.53,450.21,459.64,3544036,13214,0.73
AAPL,2024-05-14,608.22,619.06,607.04,617.83,3540649,16555,-0.85
TSLA,2024-05-14,428.22,437.88,426.88,435.69,2085228,21402,-0.66
GOOGL,2024-05-14,379.22,383.88,368.54,372.09,6002380,29550,-0.93
NFLX,2024-05-14,279.16,283.23,264.47,269.18,1285281,17041,0.74
AMZN,2024-05-14,528.32,529.38,523.08,526.78,2083412,14600,-0.17
AAPL,2024-05-15,877.52,880.79,877.19,879.26,4655191,12618,-0.2
TSLA,2024-05-15,561.9,565.85,555.4,557.06,9059974,30989,-0.68
GOOGL,2024-05-15,187.39,197.06,187.2,195.4,1297019,41130,-0.53
NFLX,2024-05-15,957.89,971.87,954.55,967.13,2184313,25405,-0.86
AMZN,2024-05-15,798.56,798.87,796.35,797.85,2739557,31912,-0.42
AAPL,2024-05-16,480.62,483.7,469.98,473.6,9741188,17883,0.72
TSLA,2024-05-16,715.41,719.63,705.4,706.43,5802082,6586,0.36
GOOGL,2024-05-16,764.41,769.31,763.53,766.88,9671153,21931,0.16
NFLX,2024-05-16,373.13,386.67,372.8,382.52,8079189,23893,-0.86
AMZN,2024-05-16,587.31,587.37,579.61,579.75,4012525,27703,-0.96
AAPL,2024-05-17,360.91,365.62,353.47,353.92,2461892,16884,0.71
TSLA,2024-05-17,981.48,983.54,973.7,975.56,6982880,28545,0.43
GOOGL,2024-05-17,937.53,937.63,927.56,931.9,9100186,10544,0.5
NFLX,2024-05-17,371.77,375.41,366.77,369.36,6528322,30042,0.86
AMZN,2024-05-17,857.05,857.88,845.86,850.58,9898590,7621,0.37
AAPL,2024-05-18,458.02,460.14,454.14,456.56,9633781,39715,-0.67
TSLA,2024-05-18,320.29,321.1,312.59,314.03,7793137,12102,0.43
GOOGL,2024-05-18,970.59,974.34,960.23,960.94,5473202,45484,0.8
NFLX,2024-05-18,480.46,486.38,476.91,483.49,4461942,37936,-0.81
AMZN,2024-05-18,214.24,214.29,201.41,205.45,5671129,19781,-0.69
AAPL,2024-05-19,474.22,477.92,470.79,471.94,3115573,30103,-0.47
TSLA,2024-05-19,669.48,670.1,666.22,667.93,7530455,14385,0.46
GOOGL,2024-05-19,772.75,775.17,770.66,774.42,6438012,31543,-0.74
NFLX,2024-05-19,487.88,490.38,480.44,480.81,4262406,4761,0.32
AMZN,2024-05-19,462.83,473.04,459.27,468.14,3526624,29151,0.21
AAPL,2024-05-20,165.57,174.17,161.41,169.82,5025198,36688,0.42
TSLA,2024-05-20,235.31,238.17,234.39,237.43,4989635,45799,-0.66
GOOGL,2024-05-20,113.59,113.6,112.45,113.11,7348112,40586,-0.48
NFLX,2024-05-20,875.65,888.11,872.83,885.25,9013592,2351,-0.86
AMZN,2024-05-20,414.95,425.89,413.44,422.85,8181895,17641,-0.53
AAPL,2024-05-21,566.79,571.04,560.72,562.94,2192231,17783,-0.75
TSLA,2024-05-21,900.94,907.71,897.33,902.73,2839414,22234,-0.58
GOOGL,2024-05-21,156.56,157.44,146.74,150.42,5245942,25798,0.17
NFLX,2024-05-21,826.63,830.36,822.63,829.4,3018966,9312,0.9
AMZN,2024-05-21,639.98,642.98,633.4,636.9,7196510,18050,-0.31
AAPL,2024-05-22,320.86,327.2,318.14,325.84,2407261,49509,0.18
TSLA,2024-05-22,639.32,642.94,633.75,637.47,8918038,11378,-0.01
GOOGL,2024-05-22,135.48,137.1,127.95,130.42,6427250,1734,0.97
NFLX,2024-05-22,301.53,304.05,295.31,299.98,8891416,6852,0.47
AMZN,2024-05-22,535.66,540.15,533.85,539.93,6182620,2186,-0.62
AAPL,2024-05-23,511.05,515.43,504.62,509.57,5068317,12842,-0.24
TSLA,2024-05-23,346.62,358.12,344.07,355.67,5464300,31921,0.71
GOOGL,2024-05-23,218.01,220.19,205.19,208.37,3554186,17381,0.88
NFLX,2024-05-23,903.35,907.53,894.12,898.98,8179110,36678,-0.94
AMZN,2024-05-23,192.25,206.06,190.25,201.34,2388179,22686,-0.88
AAPL,2024-05-24,606.5,606.91,602.69,605.22,8086292,1004,0.9
TSLA,2024-05-24,580.12,580.38,575.62,578.26,2637717,22332,0.12
GOOGL,2024-05-24,159.64,168.23,157.49,164.68,8104267,31240,0.98
NFLX,2024-05-24,185.17,189.9,176.0,176.14,9302871,33530,-0.09
AMZN,2024-05-24,480.41,485.09,472.08,475.41,4097322,40202,-0.18
AAPL,2024-05-25,451.92,456.86,442.86,447.41,5325146,28957,0.01
TSLA,2024-05-25,426.99,427.05,415.74,419.4,1056916,6736,0.18
GOOGL,2024-05-25,308.47,317.62,305.42,316.19,7552062,40355,0.97
NFLX,2024-05-25,317.86,318.99,306.98,311.31,8326536,9000,0.53
AMZN,2024-05-25,833.65,838.47,831.39,833.26,9390001,24337,-0.49
AAPL,2024-05-26,577.25,582.17,567.73,571.61,8870418,15184,0.85
TSLA,2024-05-26,588.25,592.47,577.62,581.9,6719179,1035,-0.94
GOOGL,2024-05-26,922.45,925.23,912.72,915.81,9427973,17230,0.95
NFLX,2024-05-26,984.35,990.19,980.25,985.22,1895310,38772,-0.59
AMZN,2024-05-26,320.33,324.07,316.06,320.43,4900860,33721,0.95
AAPL,2024-05-27,292.58,302.07,292.08,299.61,6875709,21454,0.85
TSLA,2024-05-27,524.68,527.13,513.39,515.8,7854849,28264,-0.99
GOOGL,2024-05-27,581.05,589.33,576.16,588.03,9242487,41091,0.83
NFLX,2024-05-27,849.67,851.49,840.19,841.25,9217931,18007,-0.27
AMZN,2024-05-27,870.39,872.52,869.38,869.56,6439085,45181,0.23
AAPL,2024-05-28,786.74,789.15,773.88,777.89,1452715,32975,0.25
TSLA,2024-05-28,354.97,355.82,352.93,354.78,6702400,47180,0.36
GOOGL,2024-05-28,356.16,359.8,342.05,346.56,2969503,6054,0.08
NFLX,2024-05-28,340.74,341.49,329.39,331.75,8260070,21111,0.65
AMZN,2024-05-28,679.4,683.55,671.55,674.74,7474284,20322,0.85
AAPL,2024-05-29,209.23,213.27,206.52,208.6,5432011,38015,0.99
TSLA,2024-05-29,737.65,739.73,730.34,734.81,7900456,37878,0.6
GOOGL,2024-05-29,276.13,280.19,274.32,277.79,2045587,10082,0.74
NFLX,2024-05-29,772.73,773.97,761.46,766.34,1272927,35843,0.08
AMZN,2024-05-29,642.0,646.44,635.8,639.24,6655669,15047,-0.12
AAPL,2024-05-30,870.33,880.49,867.32,879.8,9087524,23279,0.8
TSLA,2024-05-30,425.12,433.55,420.52,433.11,4672908,36261,-0.81
GOOGL,2024-05-30,104.13,116.13,104.11,111.19,2544593,31897,-0.1
NFLX,2024-05-30,954.46,963.92,953.42,963.91,6328366,40014,-0.9
AMZN,2024-05-30,232.66,232.89,229.14,230.39,4948322,42607,0.24
AAPL,2024-05-31,878.07,885.77,877.02,882.2,7976287,18662,0.29
TSLA,2024-05-31,136.59,136.76,131.03,131.5,9771025,25517,-0.27
GOOGL,2024-05-31,475.33,479.06,467.57,472.0,1701907,29501,-0.38
NFLX,2024-05-31,137.13,151.78,134.2,146.99,1105879,1587,-0.67
AMZN,2024-05-31,989.41,993.66,988.78,989.71,5815776,12970,0.58
AAPL,2024-06-01,436.95,443.04,435.55,438.05,3217658,3615,0.62
TSLA,2024-06-01,221.03,222.88,215.72,218.57,4079614,27038,-0.91
GOOGL,2024-06-01,737.55,744.86,735.11,741.23,1676184,9436,-0.79
NFLX,2024-06-01,542.14,543.5,527.77,532.64,3248447,33995,0.92
AMZN,2024-06-01,395.44,399.45,386.92,390.35,7917863,2923,0.68
AAPL,2024-06-02,694.34,698.1,693.75,697.64,8920563,26001,0.31
TSLA,2024-06-02,995.33,998.45,983.84,986.02,2834756,7894,-0.6
GOOGL,2024-06-02,866.43,868.64,862.38,868.54,2793821,6244,-0.81
NFLX,2024-06-02,513.75,524.39,511.02,523.28,4181519,14666,0.54
AMZN,2024-06-02,807.84,811.15,799.2,800.36,2760813,20989,0.81
AAPL,2024-06-03,319.6,327.22,318.43,326.57,9644113,32832,0.27
TSLA,2024-06-03,938.09,942.25,924.88,928.82,4214277,21914,0.14
GOOGL,2024-06-03,400.21,401.51,387.7,392.65,3565030,1589,-0.22
NFLX,2024-06-03,744.42,752.01,742.27,748.74,7130420,50000,-0.87
AMZN,2024-06-03,188.85,189.5,180.84,182.5,2358916,46768,0.15
AAPL,2024-06-04,401.31,409.06,396.45,408.16,6022337,46405,-0.49
TSLA,2024-06-04,611.2,613.58,605.09,607.93,2650585,1881,-0.32
GOOGL,2024-06-04,167.61,176.22,162.79,173.74,9254755,48386,0.07
NFLX,2024-06-04,528.27,538.95,523.42,536.83,5832173,18251,-0.01
AMZN,2024-06-04,912.55,916.19,908.64,909.74,6417109,28485,0.62
AAPL,2024-06-05,602.41,605.7,592.53,596.68,4506523,36984,0.49
TSLA,2024-06-05,206.93,212.8,204.71,212.58,1644123,17781,-0.54
GOOGL,2024-06-05,323.8,324.85,321.09,323.77,6197803,46934,0.11
NFLX,2024-06-05,368.92,370.67,361.41,364.17,6345934,48943,0.08
AMZN,2024-06-05,829.84,840.57,824.85,837.54,5546498,5089,-0.74
AAPL,2024-06-06,989.85,993.49,983.03,983.66,8028840,28751,0.96
TSLA,2024-06-06,672.17,676.95,660.23,662.75,3019882,19671,-0.84
GOOGL,2024-06-06,966.36,973.3,964.28,969.26,5878504,28947,-0.57
NFLX,2024-06-06,329.66,339.45,326.53,336.59,6081992,17790,0.25
AMZN,2024-06-06,166.48,170.08,162.17,169.65,2944000,8913,-0.83
AAPL,2024-06-07,167.22,172.05,163.64,168.63,6489879,17209,-0.97
TSLA,2024-06-07,270.21,277.58,269.72,276.2,7244433,27305,-0.66
GOOGL,2024-06-07,423.37,427.07,420.85,421.35,9054356,40361,0.31
NFLX,2024-06-07,366.17,366.47,361.86,364.91,4503174,19468,-0.87
AMZN,2024-06-07,769.72,774.83,768.03,771.94,3610289,22543,0.89
AAPL,2024-06-08,506.42,518.47,502.91,514.63,5022498,26578,-0.6
TSLA,2024-06-08,673.19,678.19,672.41,678.13,1068754,48123,-0.56
GOOGL,2024-06-08,550.0,561.09,548.33,557.16,4069285,30113,-0.22
NFLX,2024-06-08,473.53,473.85,471.03,472.72,4362571,47270,-0.91
AMZN,2024-06-08,156.78,160.31,154.32,155.45,4735969,27287,-0.34
AAPL,2024-06-09,113.81,124.46,111.74,119.6,3719218,22770,0.56
TSLA,2024-06-09,509.81,510.77,500.15,500.61,6196076,49831,-0.37
GOOGL,2024-06-09,693.83,695.89,684.9,687.58,5912253,43899,0.6
NFLX,2024-06-09,554.6,559.15,551.51,553.55,8311261,13923,-0.32
AMZN,2024-06-09,968.47,973.1,957.92,959.65,7546411,18414,0.43
AAPL,2024-06-10,101.21,106.03,93.63,94.15,6209195,46875,-0.08
TSLA,2024-06-10,186.18,197.17,181.85,193.46,3510148,45989,0.99
GOOGL,2024-06-10,780.77,785.35,779.06,783.05,7331913,47900,-0.15
NFLX,2024-06-10,920.06,922.07,907.44,911.5,6217337,47565,0.69
AMZN,2024-06-10,711.82,717.75,709.53,715.99,5556268,23901,-0.59
AAPL,2024-06-11,860.46,874.55,856.4,870.26,7704191,49855,0.05
TSLA,2024-06-11,300.29,301.79,296.38,301.23,8418743,11667,0.81
GOOGL,2024-06-11,709.54,718.51,706.06,715.41,9213186,30903,0.69
NFLX,2024-06-11,475.0,477.19,471.25,473.91,3319777,47073,-0.54
AMZN,2024-06-11,189.82,194.03,186.48,189.91,3085668,32537,-0.55
AAPL,2024-06-12,193.8,198.18,185.64,185.84,7315319,21158,0.03
TSLA,2024-06-12,406.02,409.2,402.65,403.6,3819187,43049,0.12
GOOGL,2024-06-12,401.31,405.99,396.11,396.6,5559324,26145,0.33
NFLX,2024-06-12,607.82,608.22,596.63,597.98,2542103,21884,0.75
AMZN,2024-06-12,882.09,886.59,881.74,884.73,6520844,35922,-0.14
AAPL,2024-06-13,638.57,648.46,634.45,647.61,1814246,33129,0.07
TSLA,2024-06-13,577.21,587.53,576.45,586.48,2233045,28715,0.54
GOOGL,2024-06-13,618.73,621.65,607.13,609.32,1781763,32159,0.92
NFLX,2024-06-13,206.53,209.8,201.34,202.87,5766118,41941,0.02
AMZN,2024-06-13,711.07,712.92,702.17,707.06,3864734,34352,0.38
AAPL,2024-06-14,586.14,586.96,579.05,582.71,7511560,11143,0.65
TSLA,2024-06-14,437.41,441.58,432.51,433.55,6956287,21571,0.73
GOOGL,2024-06-14,945.53,952.75,943.8,952.66,1716690,23867,0.22
NFLX,2024-06-14,287.17,288.25,277.86,281.76,3157267,15118,0.04
AMZN,2024-06-14,618.0,618.23,615.94,616.06,8449444,20275,-0.32
AAPL,2024-06-15,256.62,261.42,254.42,259.2,5106188,45137,-0.28
TSLA,2024-06-15,960.83,968.24,956.59,967.4,5449533,45225,-0.11
GOOGL,2024-06-15,167.52,171.14,163.86,167.03,6778478,25510,0.31
NFLX,2024-06-15,246.64,248.78,240.07,242.0,2155871,43293,0.8
AMZN,2024-06-15,526.54,533.12,523.87,533.09,3583320,33066,0.03
AAPL,2024-06-16,641.24,647.47,637.78,647.4,2986438,40095,0.6
TSLA,2024-06-16,467.07,467.2,455.13,457.34,4509014,38565,0.66
GOOGL,2024-06-16,431.89,439.34,428.91,435.78,2790234,44887,0.28
NFLX,2024-06-16,713.14,720.19,711.1,717.21,8232351,33520,1.0
AMZN,2024-06-16,360.58,367.74,357.35,365.31,6402220,24381,-0.36
AAPL,2024-06-17,618.77,622.36,613.85,614.51,2097969,29504,0.59
TSLA,2024-06-17,640.95,641.52,628.15,632.24,3226074,20868,0.97
GOOGL,2024-06-17,538.03,544.8,536.5,540.78,6687158,42183,0.54
NFLX,2024-06-17,766.74,770.86,755.45,758.35,3583879,31583,0.84
AMZN,2024-06-17,712.55,715.32,700.02,703.74,7060296,41552,-0.9
AAPL,2024-06-18,134.07,135.66,122.17,125.31,3328327,12597,-0.63
TSLA,2024-06-18,504.58,508.88,503.94,505.34,4677467,13756,-0.66
GOOGL,2024-06-18,838.48,845.73,837.43,842.53,2872327,10714,-0.42
NFLX,2024-06-18,134.01,142.0,131.31,139.94,9371082,27438,-0.55
AMZN,2024-06-18,508.0,509.21,501.72,503.1,9942865,8010,-0.11
AAPL,2024-06-19,531.38,537.04,527.36,532.19,5486528,31712,0.19
TSLA,2024-06-19,342.69,344.94,334.46,335.4,2615289,22120,-0.28
GOOGL,2024-06-19,946.7,956.16,945.66,951.75,7234690,3809,-0.78
NFLX,2024-06-19,679.8,681.18,679.53,680.35,9162161,8496,0.7
AMZN,2024-06-19,993.5,994.15,989.52,991.03,1182669,46137,0.93
AAPL,2024-06-20,314.89,320.88,311.22,320.24,9231846,7420,-0.34
TSLA,2024-06-20,761.24,774.73,760.82,771.06,2601134,17133,0.68
GOOGL,2024-06-20,690.51,697.75,687.54,692.83,5978987,29332,0.01
NFLX,2024-06-20,846.59,847.34,842.22,846.03,3416507,28756,-0.67
AMZN,2024-06-20,188.02,191.64,177.28,180.45,7335328,30851,0.79
AAPL,2024-06-21,789.08,791.17,786.68,787.35,1292361,15034,-0.89
TSLA,2024-06-21,671.71,683.27,669.46,681.02,2761694,19609,-0.28
GOOGL,2024-06-21,430.4,432.06,426.26,429.81,8365588,30698,-0.61
NFLX,2024-06-21,235.47,237.8,230.29,231.63,2824817,15832,-0.65
AMZN,2024-06-21,691.84,696.18,680.69,684.85,5635196,48541,-0.35
AAPL,2024-06-22,850.66,852.73,840.4,841.84,5897660,48394,0.87
TSLA,2024-06-22,192.03,192.3,183.49,186.51,5468207,35244,-0.37
GOOGL,2024-06-22,243.17,251.59,242.54,250.53,8505428,2776,0.32
NFLX,2024-06-22,646.96,657.08,643.12,656.74,6140449,6156,0.96
AMZN,2024-06-22,666.11,666.78,664.59,665.61,7884418,31863,-0.58
AAPL,2024-06-23,653.41,654.14,648.94,653.45,5762418,35812,-0.8
TSLA,2024-06-23,678.64,684.16,677.42,680.53,1998981,12470,0.8
GOOGL,2024-06-23,868.46,870.71,866.14,867.45,4022811,46830,-0.12
NFLX,2024-06-23,985.19,988.76,984.41,985.36,9795506,38152,-0.82
AMZN,2024-06-23,284.79,286.58,281.32,283.91,6775554,38845,-0.2
AAPL,2024-06-24,235.14,237.98,229.36,229.98,2739287,45644,0.61
TSLA,2024-06-24,133.15,136.61,126.02,126.22,1114624,47797,-0.83
GOOGL,2024-06-24,696.92,709.5,692.5,704.56,3396804,21229,0.45
NFLX,2024-06-24,971.7,972.11,966.35,969.83,9215169,7490,0.2
AMZN,2024-06-24,649.61,650.99,635.19,640.15,5771518,1282,-0.46
AAPL,2024-06-25,333.65,337.18,331.87,333.03,4619186,24465,0.13
TSLA,2024-06-25,260.5,263.51,250.83,255.09,9644207,2356,0.54
GOOGL,2024-06-25,958.08,967.21,957.72,963.24,7760725,27888,0.17
NFLX,2024-06-25,709.0,711.74,698.44,701.66,9891516,8744,-0.5
AMZN,2024-06-25,122.67,127.4,116.7,120.68,7845833,27697,0.76
AAPL,2024-06-26,362.2,365.23,359.13,362.79,4681419,38856,-0.91
TSLA,2024-06-26,799.62,802.26,789.89,792.39,2621870,8158,-0.31
GOOGL,2024-06-26,830.0,832.3,822.4,827.1,2193970,26681,-0.75
NFLX,2024-06-26,739.57,747.31,738.2,746.34,2362385,33341,0.32
AMZN,2024-06-26,917.86,921.17,917.26,919.92,6433100,15853,-0.39
AAPL,2024-06-27,988.8,990.86,984.95,988.55,5862905,26817,0.18
TSLA,2024-06-27,617.29,627.9,617.28,623.37,7044579,41104,-0.86
GOOGL,2024-06-27,819.55,825.62,816.48,823.93,4631187,3128,-0.98
NFLX,2024-06-27,580.73,582.91,580.12,582.77,7808163,3508,0.75
AMZN,2024-06-27,473.87,479.14,471.09,475.58,5976397,40836,-0.91
AAPL,2024-06-28,798.15,803.94,794.98,803.75,4642190,3111,0.67
TSLA,2024-06-28,222.03,224.01,210.78,214.86,6688355,10690,-0.33
GOOGL,2024-06-28,364.3,366.9,359.51,361.74,4734753,48117,0.42
NFLX,2024-06-28,878.91,883.68,872.29,872.55,1895493,40837,-0.66
AMZN,2024-06-28,803.39,805.31,796.67,800.91,7271876,27318,0.87
AAPL,2024-06-29,447.5,447.98,442.96,445.12,9060107,37419,0.79
TSLA,2024-06-29,481.38,481.8,475.82,476.87,2952066,27468,0.82
GOOGL,2024-06-29,977.38,980.71,969.22,970.78,8728788,4267,0.96
NFLX,2024-06-29,865.78,875.82,864.54,875.4,5604597,26175,0.26
AMZN,2024-06-29,321.73,326.23,319.59,321.77,6680960,16667,0.06
AAPL,2024-06-30,403.15,406.03,401.69,401.72,1986594,10289,0.27
TSLA,2024-06-30,570.32,570.53,560.66,565.53,5098860,44377,-0.1
GOOGL,2024-06-30,543.88,543.94,537.97,539.98,2622989,24195,-0.54
NFLX,2024-06-30,576.41,577.14,573.8,576.67,4068554,9680,0.82
AMZN,2024-06-30,867.1,868.01,859.64,861.45,7047079,15554,-0.23
AAPL,2024-07-01,395.95,396.41,393.02,394.51,3566098,11464,-0.61
TSLA,2024-07-01,586.55,587.66,582.71,586.07,9357857,27154,-0.74
GOOGL,2024-07-01,879.76,880.93,871.42,872.22,1373867,44030,-0.53
NFLX,2024-07-01,801.72,807.21,798.59,803.03,3299819,10500,0.33
AMZN,2024-07-01,273.79,277.21,273.57,273.65,4380403,9691,0.5
AAPL,2024-07-02,811.24,814.73,808.75,809.08,4921926,23050,-0.17
TSLA,2024-07-02,417.73,420.81,414.99,416.22,6619937,4328,-0.56
GOOGL,2024-07-02,177.89,187.91,174.56,187.46,2334115,10353,0.98
NFLX,2024-07-02,556.84,557.88,552.26,556.34,9386344,4038,-0.86
AMZN,2024-07-02,557.98,562.03,549.15,553.28,1864868,34059,0.61
AAPL,2024-07-03,130.71,137.95,128.35,133.4,7297372,34898,0.99
TSLA,2024-07-03,579.41,581.7,574.58,581.54,8173741,28069,0.45
GOOGL,2024-07-03,364.36,368.7,349.6,354.39,5053751,16929,0.7
NFLX,2024-07-03,150.08,156.0,148.67,155.77,6483180,22693,0.69
AMZN,2024-07-03,591.07,599.48,590.99,594.74,4406000,49508,0.98
AAPL,2024-07-04,765.3,768.99,757.6,757.75,3594794,40571,0.5
TSLA,2024-07-04,700.89,704.68,700.5,703.54,1015951,11610,-0.3
GOOGL,2024-07-04,806.58,807.6,803.53,803.72,7726798,14184,0.41
NFLX,2024-07-04,727.34,728.71,721.8,721.95,3806163,39885,-0.33
AMZN,2024-07-04,244.72,247.88,239.83,241.65,4233678,24036,-0.44
AAPL,2024-07-05,545.81,554.38,542.63,552.67,4204514,32167,-0.53
TSLA,2024-07-05,858.06,859.07,853.36,856.69,5415746,1375,-0.35
GOOGL,2024-07-05,544.89,545.2,535.82,539.96,7247383,9713,0.85
NFLX,2024-07-05,295.69,297.04,288.72,290.57,8852414,23172,-0.72
AMZN,2024-07-05,611.64,623.21,610.42,619.93,8592258,44245,0.61
AAPL,2024-07-06,860.57,861.48,854.16,857.26,2561166,30587,-0.92
TSLA,2024-07-06,480.31,484.44,469.17,472.13,1179462,12030,0.61
GOOGL,2024-07-06,145.92,148.9,142.07,146.54,5656760,5814,0.73
NFLX,2024-07-06,577.64,582.96,574.08,578.82,8014354,31052,-0.32
AMZN,2024-07-06,144.13,154.26,140.32,150.56,6465624,36588,-0.85
AAPL,2024-07-07,408.89,414.02,407.25,411.64,4982558,30220,0.08
TSLA,2024-07-07,939.27,946.07,936.87,941.34,5117748,8960,-0.27
GOOGL,2024-07-07,488.81,491.89,480.53,482.49,9605266,22378,0.5
NFLX,2024-07-07,912.44,913.78,903.05,904.2,6277045,24368,-0.54
AMZN,2024-07-07,954.09,960.59,949.14,958.49,5962300,3697,0.02
AAPL,2024-07-08,154.77,161.22,150.43,158.4,6613820,49447,0.31
TSLA,2024-07-08,619.28,621.36,615.39,616.81,3054988,10464,-0.64
GOOGL,2024-07-08,776.62,784.28,772.81,784.27,3951406,47965,0.65
NFLX,2024-07-08,977.65,982.0,976.6,978.91,7248216,20360,0.78
AMZN,2024-07-08,407.33,415.2,406.35,410.49,4364497,31857,0.95
AAPL,2024-07-09,189.1,192.28,181.27,181.61,9620064,36275,-0.77
TSLA,2024-07-09,473.99,479.76,473.07,477.27,1882527,26648,-0.05
GOOGL,2024-07-09,340.93,351.78,338.21,349.29,9273326,10417,-0.16
NFLX,2024-07-09,524.17,525.54,518.93,522.2,5930260,13064,-0.28
AMZN,2024-07-09,603.46,606.06,595.14,595.65,9155586,29960,-0.16
AAPL,2024-07-10,841.39,844.16,834.27,838.47,6402585,12857,-0.89
TSLA,2024-07-10,613.36,616.66,601.59,605.19,1593578,9221,-0.34
GOOGL,2024-07-10,248.35,257.06,247.28,255.48,1920166,6791,0.74
NFLX,2024-07-10,202.94,210.25,198.94,208.15,1818474,35388,0.26
AMZN,2024-07-10,376.87,382.88,375.84,380.42,8976100,9632,-0.16
AAPL,2024-07-11,581.19,588.41,579.2,585.05,5694446,34843,0.1
TSLA,2024-07-11,567.4,569.97,566.64,568.76,4333269,48712,-0.9
GOOGL,2024-07-11,400.25,402.63,397.11,400.74,1615615,37094,0.51
NFLX,2024-07-11,636.08,636.46,625.26,627.15,4424164,1688,-0.7
AMZN,2024-07-11,858.17,866.45,854.07,864.07,5478357,16093,-0.92
AAPL,2024-07-12,785.97,786.43,777.37,779.59,7630795,4552,-0.49
TSLA,2024-07-12,663.35,665.78,658.31,659.96,3778868,44535,0.4
GOOGL,2024-07-12,562.55,563.27,556.33,558.92,4918183,10775,0.54
NFLX,2024-07-12,642.84,644.23,638.54,641.83,2467860,27230,0.52
AMZN,2024-07-12,936.2,949.15,933.57,946.18,6831634,12921,0.79
AAPL,2024-07-13,902.58,903.54,894.02,894.19,8245221,43377,0.13
TSLA,2024-07-13,778.68,781.52,772.63,776.67,1854937,31317,-0.22
GOOGL,2024-07-13,989.79,990.67,983.88,988.01,2812289,2776,-0.96
NFLX,2024-07-13,720.59,727.3,718.91,726.35,5860988,28499,-0.38
AMZN,2024-07-13,626.7,626.99,614.91,618.91,1663124,34977,-0.91
AAPL,2024-07-14,626.34,636.37,625.17,633.52,1684603,38169,-0.01
TSLA,2024-07-14,474.88,481.3,473.22,480.96,1466137,5597,-0.01
GOOGL,2024-07-14,463.28,464.31,457.62,462.33,2246509,43506,0.94
NFLX,2024-07-14,249.57,253.71,246.3,246.81,2223350,24822,0.96
AMZN,2024-07-14,464.15,464.64,463.07,463.9,2282298,1087,-0.33
AAPL,2024-07-15,517.07,528.57,517.01,526.69,5626299,7941,-0.65
TSLA,2024-07-15,427.92,431.87,425.09,425.87,5405825,10525,0.45
GOOGL,2024-07-15,542.23,542.91,540.53,540.73,6797030,18864,-0.03
NFLX,2024-07-15,985.17,985.67,981.38,984.12,4103060,27818,-0.4
AMZN,2024-07-15,789.24,800.71,786.05,798.36,8206583,34057,-0.11
AAPL,2024-07-16,243.09,247.77,239.73,241.11,8428862,21255,-0.34
TSLA,2024-07-16,259.44,260.06,246.77,251.32,8877174,6864,-0.03
GOOGL,2024-07-16,805.1,817.16,801.15,813.64,6485664,37543,0.81
NFLX,2024-07-16,621.3,632.52,620.42,630.78,8691127,24103,-0.54
AMZN,2024-07-16,872.61,873.64,862.96,863.98,2000479,21957,-0.62
AAPL,2024-07-17,860.2,868.26,860.12,867.08,8966936,19187,-0.61
TSLA,2024-07-17,747.75,755.41,747.38,751.71,4006073,30780,0.5
GOOGL,2024-07-17,483.67,486.64,483.61,484.76,9636707,3239,-0.16
NFLX,2024-07-17,295.77,299.43,295.25,296.81,1588906,22414,-0.87
AMZN,2024-07-17,388.51,390.77,382.69,384.11,2338648,17312,0.89
AAPL,2024-07-18,338.14,339.56,336.78,337.08,8729813,7243,-0.43
TSLA,2024-07-18,341.7,348.66,339.88,346.64,6513525,48108,-0.81
GOOGL,2024-07-18,410.7,414.77,403.79,407.43,5201655,13434,0.81
NFLX,2024-07-18,770.76,771.54,768.51,769.72,6484358,10466,-0.89
AMZN,2024-07-18,149.92,151.36,137.74,142.26,3239819,42230,0.29
AAPL,2024-07-19,226.09,232.44,223.92,229.37,8902072,8233,-0.4
TSLA,2024-07-19,863.79,867.45,854.18,856.59,3659417,37474,0.82
GOOGL,2024-07-19,236.04,244.06,233.92,243.49,7524650,44992,-0.6
NFLX,2024-07-19,100.36,104.63,97.72,101.82,7546025,35964,-0.55
AMZN,2024-07-19,195.67,196.72,184.22,188.91,9095028,44950,0.3
AAPL,2024-07-20,120.06,120.49,113.89,116.0,8741023,10823,0.14
TSLA,2024-07-20,978.8,984.65,973.95,980.92,6656239,30712,-0.95
GOOGL,2024-07-20,771.32,777.86,768.79,776.51,4748516,3175,-0.06
NFLX,2024-07-20,303.19,304.17,290.21,294.6,2450319,47044,0.36
AMZN,2024-07-20,415.23,425.72,410.52,424.69,3719202,20985,0.51
AAPL,2024-07-21,131.6,134.95,129.85,133.42,5053221,7516,0.38
TSLA,2024-07-21,992.48,993.3,989.9,990.51,6413305,22179,0.43
GOOGL,2024-07-21,644.15,651.67,642.0,650.97,2930982,8102,0.54
NFLX,2024-07-21,875.42,884.58,870.59,881.86,4429761,27742,-0.27
AMZN,2024-07-21,774.47,784.51,771.79,781.92,4025853,13787,0.58
AAPL,2024-07-22,629.77,639.5,629.1,638.74,9494658,26210,0.79
TSLA,2024-07-22,696.04,709.4,694.85,706.04,4049767,18999,-0.67
GOOGL,2024-07-22,736.79,736.84,727.98,730.33,2788267,1326,0.69
NFLX,2024-07-22,741.69,748.33,741.39,745.78,1141166,2712,0.48
AMZN,2024-07-22,700.04,701.49,695.35,699.07,1053272,5552,0.51
AAPL,2024-07-23,604.29,606.35,595.77,596.85,7541285,48230,0.96
TSLA,2024-07-23,968.29,969.92,959.24,964.18,6874934,14238,-0.91
GOOGL,2024-07-23,390.27,394.81,386.08,394.66,3541784,5773,-0.61
NFLX,2024-07-23,130.03,133.09,126.25,132.04,3588429,46118,0.66
AMZN,2024-07-23,562.87,568.21,559.38,564.88,3884627,3342,-0.71
AAPL,2024-07-24,611.91,621.14,607.36,618.0,8764465,41306,-0.63
TSLA,2024-07-24,496.84,501.69,496.23,497.8,1858769,18677,0.41
GOOGL,2024-07-24,699.54,711.35,699.46,707.65,2775815,41032,-0.45
NFLX,2024-07-24,617.25,618.16,612.35,614.2,4840693,8046,0.58
AMZN,2024-07-24,366.4,379.16,362.05,374.5,7857113,29694,0.22
AAPL,2024-07-25,583.12,591.51,578.56,586.62,5856203,39863,0.37
TSLA,2024-07-25,999.28,1002.97,988.67,989.71,2729554,33087,-0.93
GOOGL,2024-07-25,315.63,319.9,313.1,314.33,6131692,34945,-0.18
NFLX,2024-07-25,225.55,233.74,221.16,231.11,5570535,48956,-0.85
AMZN,2024-07-25,785.28,787.02,778.35,779.14,6352054,3012,-0.73
AAPL,2024-07-26,200.6,205.26,189.0,191.09,7500202,15547,-0.67
TSLA,2024-07-26,996.05,1000.31,988.03,989.11,2056289,14172,-0.32
GOOGL,2024-07-26,618.97,626.77,618.12,623.09,1262877,18867,-0.97
NFLX,2024-07-26,289.04,295.19,285.73,292.17,4310448,35922,-0.17
AMZN,2024-07-26,413.53,417.69,412.33,413.36,4252653,3442,-0.33
AAPL,2024-07-27,140.46,145.46,138.63,143.81,1665910,14353,0.82
TSLA,2024-07-27,836.61,839.88,833.14,834.51,9301971,6151,0.49
GOOGL,2024-07-27,495.59,505.65,495.47,503.86,1694675,42519,-0.08
NFLX,2024-07-27,997.34,997.56,994.06,996.81,8396069,35777,0.4
AMZN,2024-07-27,154.66,155.4,152.65,154.56,3003374,2159,0.73
AAPL,2024-07-28,544.92,545.14,533.92,535.91,3124346,19323,0.42
TSLA,2024-07-28,751.22,754.67,741.9,746.8,9765765,28186,0.99
GOOGL,2024-07-28,238.44,245.98,234.41,241.95,4780377,31552,-0.02
NFLX,2024-07-28,868.85,871.92,867.74,869.18,4036243,22396,-0.81
AMZN,2024-07-28,619.78,620.41,613.08,615.27,3797817,4386,0.53
AAPL,2024-07-29,689.95,693.74,689.43,690.38,4994350,5856,0.86
TSLA,2024-07-29,413.71,417.94,402.89,407.53,5868693,29682,-0.9
GOOGL,2024-07-29,576.11,586.76,573.73,582.63,6592185,18372,-0.5
NFLX,2024-07-29,378.09,379.3,371.36,374.53,8449985,9101,-0.18
AMZN,2024-07-29,402.53,408.81,398.69,404.04,8940955,44480,0.53
AAPL,2024-07-30,127.56,131.85,124.33,131.1,4174243,32475,0.69
TSLA,2024-07-30,533.41,539.91,530.24,535.22,4653804,9301,0.12
GOOGL,2024-07-30,399.86,402.51,392.37,392.6,3878933,16224,-0.16
NFLX,2024-07-30,940.44,944.36,934.36,936.51,2331324,18533,-0.45
AMZN,2024-07-30,737.13,741.72,730.12,730.6,6730153,11351,0.17
AAPL,2024-07-31,678.44,681.07,674.3,678.65,6851471,38509,-0.99
TSLA,2024-07-31,492.16,497.09,490.59,491.83,1476922,18791,0.2
GOOGL,2024-07-31,190.18,203.41,189.56,199.07,8840996,47887,0.8
NFLX,2024-07-31,559.65,562.34,558.56,560.69,7926256,29602,-0.31
AMZN,2024-07-31,284.32,288.85,277.71,282.31,8831777,43117,0.78
AAPL,2024-08-01,579.96,583.49,569.41,570.27,7886327,29078,0.94
TSLA,2024-08-01,539.03,543.82,538.19,538.67,5849404,13902,-0.76
GOOGL,2024-08-01,180.71,183.62,176.16,181.26,6827804,19062,-0.66
NFLX,2024-08-01,680.84,688.06,676.96,687.78,4589045,40956,-0.49
AMZN,2024-08-01,807.08,818.79,805.63,816.91,7796378,31858,0.73
AAPL,2024-08-02,979.74,982.83,969.47,972.09,8216208,39229,0.78
TSLA,2024-08-02,546.47,550.5,543.81,546.09,1234564,12424,-0.77
GOOGL,2024-08-02,455.5,466.41,454.8,461.76,2607566,8509,0.13
NFLX,2024-08-02,260.0,263.53,255.01,260.17,3077054,18447,0.17
AMZN,2024-08-02,933.4,936.68,926.19,926.89,4650740,47796,-0.06
AAPL,2024-08-03,449.85,460.95,446.11,458.01,9361963,24666,0.59
TSLA,2024-08-03,110.65,114.14,105.58,108.35,6017638,39346,-0.56
GOOGL,2024-08-03,488.41,492.32,475.99,479.17,4184584,36751,-0.45
NFLX,2024-08-03,921.43,923.71,912.95,914.14,9376839,48187,-0.89
AMZN,2024-08-03,907.56,913.71,906.4,909.69,2228055,2857,-0.18
AAPL,2024-08-04,653.0,658.49,650.35,657.45,7832689,17995,0.77
TSLA,2024-08-04,113.33,116.83,110.09,114.48,7255073,6715,-0.81
GOOGL,2024-08-04,100.69,110.51,99.01,108.31,8662203,29244,-0.22
NFLX,2024-08-04,448.93,449.24,441.33,443.36,5607788,2952,-0.8
AMZN,2024-08-04,771.82,771.85,761.94,764.23,3946146,25982,-0.55
AAPL,2024-08-05,441.02,443.86,438.94,440.51,5547461,2540,-0.76
TSLA,2024-08-05,472.37,473.66,461.93,466.44,7071731,20282,0.23
GOOGL,2024-08-05,601.98,602.23,594.0,595.07,7374921,41330,0.99
NFLX,2024-08-05,102.51,102.91,97.08,97.27,6423839,20784,-0.63
AMZN,2024-08-05,306.57,311.13,304.37,308.53,5614855,28722,0.3
AAPL,2024-08-06,402.29,407.03,391.4,395.1,6113457,12250,-0.83
TSLA,2024-08-06,980.35,985.88,978.31,985.72,7525691,14338,-0.09
GOOGL,2024-08-06,107.25,111.34,100.47,103.24,1500461,15593,-0.44
NFLX,2024-08-06,498.62,500.16,489.5,491.14,7246551,25663,-0.68
AMZN,2024-08-06,992.01,995.66,988.01,988.66,8850757,40087,0.52
AAPL,2024-08-07,293.22,301.13,288.88,296.38,4063391,12335,-0.4
TSLA,2024-08-07,894.26,902.88,892.78,900.27,6440806,25432,-0.45
GOOGL,2024-08-07,133.62,142.78,133.24,138.1,2807973,35895,-0.23
NFLX,2024-08-07,458.31,461.73,446.67,450.56,2844375,3116,-0.42
AMZN,2024-08-07,412.26,415.09,403.56,406.42,2649600,34163,-0.08
AAPL,2024-08-08,657.28,662.55,654.37,658.78,1940534,8833,-0.19
TSLA,2024-08-08,990.48,992.16,989.83,990.97,3671729,49373,0.49
GOOGL,2024-08-08,772.82,777.23,767.98,770.33,8179803,19763,-0.34
NFLX,2024-08-08,977.14,986.98,973.08,985.41,2880478,35152,-0.8
AMZN,2024-08-08,933.36,933.92,920.81,923.88,3560090,9971,0.17
AAPL,2024-08-09,251.92,256.57,246.89,250.63,8724300,48392,-0.57
TSLA,2024-08-09,394.68,397.0,393.56,394.29,5849943,48865,-0.74
GOOGL,2024-08-09,314.2,317.45,310.47,312.38,7662808,19167,-0.42
NFLX,2024-08-09,357.32,363.59,354.34,361.55,1982085,48750,0.46
AMZN,2024-08-09,576.26,582.78,571.77,577.96,5502766,41555,0.83
AAPL,2024-08-10,125.37,133.67,123.44,133.58,9070492,27502,-0.69
TSLA,2024-08-10,838.51,841.62,836.69,840.67,4248566,23308,-0.65
GOOGL,2024-08-10,613.51,622.68,609.92,618.01,5641167,18435,-0.83
NFLX,2024-08-10,344.11,347.39,332.86,334.56,9222425,45350,0.7
AMZN,2024-08-10,491.68,496.2,482.05,482.48,4350890,38403,-0.85
AAPL,2024-08-11,497.11,500.53,487.29,492.28,8511379,44802,0.5
TSLA,2024-08-11,676.18,678.46,674.96,675.7,1055790,38138,-0.34
GOOGL,2024-08-11,333.57,340.31,330.24,336.04,4723668,18563,0.18
NFLX,2024-08-11,517.33,519.39,516.89,518.04,2601935,12148,0.07
AMZN,2024-08-11,193.1,197.62,191.74,192.28,5710766,49556,-0.62
AAPL,2024-08-12,761.21,768.01,759.84,766.66,3343273,16084,0.39
TSLA,2024-08-12,871.74,876.71,867.26,873.02,1394431,38059,-0.17
GOOGL,2024-08-12,293.27,296.8,280.94,285.08,3261451,31972,0.54
NFLX,2024-08-12,572.55,575.92,568.48,569.47,7236691,43472,0.14
AMZN,2024-08-12,957.2,958.15,942.74,947.62,3282276,48607,0.29
AAPL,2024-08-13,678.22,680.53,674.35,676.01,4093783,11056,0.17
TSLA,2024-08-13,422.96,425.67,416.55,420.35,6772759,10679,-0.04
GOOGL,2024-08-13,403.26,411.22,402.79,409.39,6097045,29058,0.7
NFLX,2024-08-13,848.14,849.83,841.15,843.58,9941809,30673,0.52
AMZN,2024-08-13,116.87,122.1,111.95,117.33,5446726,33208,0.44
AAPL,2024-08-14,652.62,656.54,651.93,652.96,4667381,42552,-0.5
TSLA,2024-08-14,645.44,645.89,631.12,636.12,6672545,28294,-0.06
GOOGL,2024-08-14,413.7,419.45,411.96,418.53,5026882,33892,-0.87
NFLX,2024-08-14,605.38,605.59,600.59,603.68,4638506,49961,-0.88
AMZN,2024-08-14,429.81,438.29,429.3,433.3,4044062,17235,-0.9
AAPL,2024-08-15,148.69,153.01,145.01,151.28,2677544,33573,0.98
TSLA,2024-08-15,301.88,303.17,300.38,300.69,3685127,16723,0.74
GOOGL,2024-08-15,347.68,350.52,337.35,340.42,9994609,44196,-0.62
NFLX,2024-08-15,477.93,479.28,476.36,477.4,9355296,6581,-0.97
AMZN,2024-08-15,486.62,487.17,481.62,485.95,9147393,27002,-0.99
AAPL,2024-08-16,585.16,596.64,584.9,592.44,9868141,32048,-0.37
TSLA,2024-08-16,374.84,379.3,371.71,374.6,7728734,49564,0.11
GOOGL,2024-08-16,992.01,1005.4,990.25,1000.94,3228523,6849,-0.84
NFLX,2024-08-16,243.23,245.03,235.49,236.48,1332547,5243,0.64
AMZN,2024-08-16,653.86,654.19,651.31,652.64,8937525,29855,-0.25
AAPL,2024-08-17,509.02,513.89,499.63,500.4,4247592,44986,-0.44
TSLA,2024-08-17,709.17,710.61,702.72,704.98,3867826,46472,-0.83
GOOGL,2024-08-17,568.69,578.6,566.75,576.45,6688114,8968,-0.53
NFLX,2024-08-17,271.75,274.09,268.17,271.56,5955687,44277,-0.72
AMZN,2024-08-17,389.65,392.24,386.05,387.29,2513304,5423,-0.47
AAPL,2024-08-18,316.64,322.5,312.27,320.31,2762840,12827,0.26
TSLA,2024-08-18,253.91,259.87,249.18,255.72,6018041,8571,0.74
GOOGL,2024-08-18,138.01,142.6,134.51,134.97,3476869,9453,-0.73
NFLX,2024-08-18,453.05,462.2,453.03,457.51,1532645,29198,-0.25
AMZN,2024-08-18,173.59,174.92,166.14,168.38,4735000,33533,0.94
AAPL,2024-08-19,541.47,551.17,541.32,549.84,7182923,10683,0.12
TSLA,2024-08-19,234.42,237.95,229.36,233.6,8982078,1180,0.7
GOOGL,2024-08-19,329.72,332.94,325.48,330.6,5192314,46947,-0.07
NFLX,2024-08-19,429.23,434.89,426.23,431.64,5716727,40985,-0.61
AMZN,2024-08-19,242.26,243.88,228.8,233.1,2469726,37173,0.31
AAPL,2024-08-20,384.96,396.45,380.52,393.09,1930915,40863,0.61
TSLA,2024-08-20,963.67,966.81,954.78,954.81,6311202,37832,0.64
GOOGL,2024-08-20,937.09,938.61,926.75,929.85,2046671,21758,0.11
NFLX,2024-08-20,317.97,323.82,316.23,319.32,7807818,42432,-0.22
AMZN,2024-08-20,991.96,993.03,985.0,987.42,4187563,27093,0.59
AAPL,2024-08-21,909.21,913.53,907.97,910.05,7512561,16087,0.1
TSLA,2024-08-21,374.31,378.59,364.31,368.95,9386406,6370,0.74
GOOGL,2024-08-21,295.71,298.22,290.67,291.59,9316289,26724,-0.13
NFLX,2024-08-21,553.53,554.14,548.13,549.95,1500761,40727,0.01
AMZN,2024-08-21,971.4,984.25,968.06,981.11,4286022,37345,-0.11
AAPL,2024-08-22,346.53,350.61,338.14,340.45,3427886,18021,-0.49
TSLA,2024-08-22,373.81,380.56,372.22,376.46,2570230,36150,0.88
GOOGL,2024-08-22,570.38,576.99,569.04,572.33,1858152,44982,0.36
NFLX,2024-08-22,601.66,604.71,595.01,599.94,2097416,34345,0.02
AMZN,2024-08-22,499.4,504.02,496.44,500.93,3733471,18107,-0.11
AAPL,2024-08-23,805.99,815.84,803.96,811.9,3301649,30091,-0.75
TSLA,2024-08-23,385.82,395.95,382.14,392.35,7673189,34729,-0.06
GOOGL,2024-08-23,516.68,524.59,514.62,522.85,4530690,41945,0.96
NFLX,2024-08-23,875.86,886.62,871.17,885.4,5347957,30583,-0.56
AMZN,2024-08-23,554.84,560.03,554.48,555.62,7526142,5092,-0.5
AAPL,2024-08-24,259.25,260.73,247.36,251.84,9326316,31668,-1.0
TSLA,2024-08-24,100.9,112.05,96.56,110.22,5018001,49071,-0.19
GOOGL,2024-08-24,366.59,380.94,362.69,376.17,1045105,16946,-0.63
NFLX,2024-08-24,508.72,512.1,499.75,503.88,6679691,29848,0.05
AMZN,2024-08-24,217.08,220.42,204.63,208.35,7967861,3181,0.93
AAPL,2024-08-25,449.38,451.03,447.65,448.3,2606055,47952,0.54
TSLA,2024-08-25,964.92,969.69,958.82,963.21,7448345,8559,-0.29
GOOGL,2024-08-25,190.3,195.15,185.52,188.83,8108547,30608,0.75
NFLX,2024-08-25,890.78,891.61,889.19,889.71,5941455,21549,-0.55
AMZN,2024-08-25,291.53,294.26,284.55,284.73,1798228,22439,-0.44
AAPL,2024-08-26,255.21,256.88,248.43,250.23,8257724,36958,0.61
TSLA,2024-08-26,729.18,730.64,720.74,724.62,3530367,37966,-0.81
GOOGL,2024-08-26,195.56,197.93,184.76,185.62,3034589,10003,0.76
NFLX,2024-08-26,301.97,310.77,299.16,308.69,6718290,14140,-0.35
AMZN,2024-08-26,136.54,146.89,135.79,142.26,8045347,41584,-0.68
AAPL,2024-08-27,779.16,782.47,776.03,778.18,9359303,26125,0.38
TSLA,2024-08-27,890.62,894.22,888.29,893.27,7428964,11354,-0.53
GOOGL,2024-08-27,582.71,586.34,578.88,581.42,4812378,1763,-0.62
NFLX,2024-08-27,541.71,542.01,536.0,539.77,2549064,3885,0.0
AMZN,2024-08-27,925.13,926.83,920.88,924.25,1383411,28333,-0.62
AAPL,2024-08-28,918.82,924.76,916.64,924.74,4041208,46452,0.27
TSLA,2024-08-28,197.83,201.73,193.08,193.09,1731696,43987,0.42
GOOGL,2024-08-28,400.14,414.33,397.65,409.65,4052210,3093,0.4
NFLX,2024-08-28,850.41,852.22,846.27,851.14,5529704,48535,-0.9
AMZN,2024-08-28,847.62,849.66,843.84,845.2,2493388,49572,0.07
AAPL,2024-08-29,793.97,797.46,790.64,793.9,2469360,46114,-0.74
TSLA,2024-08-29,158.93,162.36,152.36,154.67,6538577,35414,-0.58
GOOGL,2024-08-29,556.3,558.62,547.84,549.85,2612686,37972,-0.56
NFLX,2024-08-29,589.58,602.21,586.35,599.35,8775987,46568,0.74
AMZN,2024-08-29,585.84,586.63,577.2,578.78,8567736,5317,-0.09
AAPL,2024-08-30,255.03,259.81,243.49,245.96,3627088,9536,-0.66
TSLA,2024-08-30,405.38,409.31,391.89,395.4,3300151,16560,-0.27
GOOGL,2024-08-30,686.01,700.4,681.63,695.68,3716602,17865,0.7
NFLX,2024-08-30,217.25,219.66,207.93,211.34,9762740,26883,-0.73
AMZN,2024-08-30,276.97,282.54,272.25,281.73,7464454,20025,-0.08
AAPL,2024-08-31,511.32,514.5,505.95,510.17,7976087,5700,-0.7
TSLA,2024-08-31,557.69,565.7,555.16,562.05,4658052,21163,-0.79
GOOGL,2024-08-31,308.18,309.71,305.19,305.31,9845674,8323,-0.78
NFLX,2024-08-31,882.84,892.7,879.23,892.27,7882798,28242,0.53
AMZN,2024-08-31,458.81,459.57,453.92,454.63,1490219,43533,-0.26
AAPL,2024-09-01,809.21,815.61,805.67,811.21,4344063,47021,0.97
TSLA,2024-09-01,544.68,549.08,541.86,545.05,1768713,32652,-0.09
GOOGL,2024-09-01,857.19,867.16,856.34,862.28,1220252,8339,0.88
NFLX,2024-09-01,224.27,225.77,211.3,215.6,8155469,14654,-0.78
AMZN,2024-09-01,259.18,265.8,256.82,261.87,9617441,42044,-0.34
AAPL,2024-09-02,887.69,896.46,886.51,891.51,3430927,38842,-0.28
TSLA,2024-09-02,738.92,750.3,734.09,748.07,2537896,10867,0.05
GOOGL,2024-09-02,376.0,385.88,371.76,382.91,7889357,16489,-0.24
NFLX,2024-09-02,989.63,997.05,988.22,996.37,6660980,5601,-0.03
AMZN,2024-09-02,499.84,505.2,496.33,500.2,7587767,14727,-0.56
AAPL,2024-09-03,726.66,730.73,717.5,720.34,1511717,49371,-0.33
TSLA,2024-09-03,239.98,241.43,231.56,236.49,5891120,9017,-0.53
GOOGL,2024-09-03,321.69,324.14,317.91,320.95,9937619,17362,-0.66
NFLX,2024-09-03,103.85,105.25,102.08,103.41,9546420,48018,0.06
AMZN,2024-09-03,425.14,429.73,419.88,424.18,4149037,41234,-0.23
AAPL,2024-09-04,356.97,370.5,354.21,366.19,8829929,6779,0.43
TSLA,2024-09-04,322.58,326.58,309.94,314.53,5327677,39649,0.01
GOOGL,2024-09-04,490.55,492.06,479.63,484.33,8272866,31111,-0.03
NFLX,2024-09-04,358.79,361.59,347.06,348.97,1025926,3644,0.77
AMZN,2024-09-04,508.53,513.39,505.08,507.12,2397874,45736,0.46
AAPL,2024-09-05,681.48,682.22,673.48,677.0,8622891,1105,0.62
TSLA,2024-09-05,923.93,926.13,913.68,914.31,2129300,41119,-0.29
GOOGL,2024-09-05,172.69,175.15,162.09,163.65,4605701,11255,0.99
NFLX,2024-09-05,745.38,750.54,740.59,747.95,2330288,20857,-0.34
AMZN,2024-09-05,350.64,351.05,336.2,340.92,7673690,4711,-0.81
AAPL,2024-09-06,476.23,478.71,470.54,474.58,9082821,35879,-0.59
TSLA,2024-09-06,708.16,719.89,707.42,717.96,4256891,39981,0.13
GOOGL,2024-09-06,957.33,959.14,943.04,947.72,4218841,28303,0.58
NFLX,2024-09-06,183.49,187.9,180.75,183.47,5753834,16960,-0.91
AMZN,2024-09-06,369.3,371.12,358.07,362.86,7001075,2331,-0.81
AAPL,2024-09-07,460.48,474.66,459.88,469.92,2712012,25818,0.72
TSLA,2024-09-07,993.86,997.06,989.99,994.76,4591453,28249,0.03
GOOGL,2024-09-07,672.74,683.53,667.77,680.64,2054004,12679,0.2
NFLX,2024-09-07,521.62,523.53,518.17,520.82,9448182,19501,-0.67
AMZN,2024-09-07,692.86,702.17,690.88,700.02,7720449,29670,0.84
AAPL,2024-09-08,170.98,171.48,161.69,165.29,6589513,36560,-0.96
TSLA,2024-09-08,387.91,391.34,384.58,384.98,2309245,19044,-0.19
GOOGL,2024-09-08,366.83,370.0,357.59,360.52,4902124,40695,-0.67
NFLX,2024-09-08,409.18,418.89,407.76,414.65,5110018,32495,-0.84
AMZN,2024-09-08,444.86,447.16,433.36,436.32,6738410,5996,0.81
AAPL,2024-09-09,666.13,668.65,662.0,667.88,7964935,47682,0.82
TSLA,2024-09-09,615.7,624.5,611.84,621.01,2334015,15789,0.33
GOOGL,2024-09-09,483.27,495.06,478.33,492.82,6406381,45016,0.38
NFLX,2024-09-09,516.9,517.01,505.53,509.39,7720955,33494,-0.74
AMZN,2024-09-09,695.95,700.11,684.73,688.5,2571094,31912,0.16
AAPL,2024-09-10,980.35,991.88,978.8,988.04,1909636,14320,-0.33
TSLA,2024-09-10,734.86,736.65,724.34,725.86,6208458,22837,0.07
GOOGL,2024-09-10,330.78,332.33,326.79,328.46,7817649,21187,0.58
NFLX,2024-09-10,129.85,134.22,127.79,129.31,1912937,49924,1.0
AMZN,2024-09-10,930.56,935.87,928.09,934.85,1371799,11259,0.5
AAPL,2024-09-11,702.01,711.75,698.52,709.49,1780546,45118,-0.71
TSLA,2024-09-11,818.02,821.84,807.73,808.26,3581433,47488,0.16
GOOGL,2024-09-11,972.57,975.11,971.02,975.08,8222911,32174,-0.76
NFLX,2024-09-11,571.24,574.16,566.34,567.17,4868709,40478,-0.58
AMZN,2024-09-11,540.8,541.8,530.77,534.54,4512915,7022,-0.85
AAPL,2024-09-12,826.62,831.95,823.3,828.16,4780748,27485,0.7
TSLA,2024-09-12,446.42,451.47,442.4,449.57,6907511,26409,-0.68
GOOGL,2024-09-12,970.26,979.38,967.64,979.17,5361372,28289,-0.74
NFLX,2024-09-12,371.43,378.77,368.05,376.63,7279637,23793,-0.56
AMZN,2024-09-12,479.51,483.26,474.5,475.28,8188046,21446,0.17
AAPL,2024-09-13,139.25,139.49,133.33,138.16,5832622,42601,0.07
TSLA,2024-09-13,533.44,534.6,532.46,534.38,1568573,35909,0.97
GOOGL,2024-09-13,653.64,658.35,650.74,651.71,3090944,7185,0.88
NFLX,2024-09-13,218.46,227.34,217.16,226.19,3280211,2538,-0.61
AMZN,2024-09-13,213.03,217.23,209.66,216.71,2781098,22615,-0.01
AAPL,2024-09-14,664.17,676.19,662.9,672.72,2872670,42138,0.55
TSLA,2024-09-14,909.92,923.19,906.61,918.64,9933641,7377,0.23
GOOGL,2024-09-14,616.33,618.19,611.9,615.71,8100033,22030,0.19
NFLX,2024-09-14,999.79,1002.33,988.49,991.5,9708443,26527,0.16
AMZN,2024-09-14,154.08,161.94,151.53,161.71,3656722,18312,0.24
AAPL,2024-09-15,667.18,676.29,665.38,672.05,3475887,44305,0.62
TSLA,2024-09-15,209.11,219.46,206.13,216.17,1669184,44861,-0.92
GOOGL,2024-09-15,922.56,923.51,917.94,919.61,7780100,3287,-0.09
NFLX,2024-09-15,712.82,717.65,700.45,703.46,7851219,5576,0.99
AMZN,2024-09-15,246.82,247.23,237.42,239.6,8238914,10016,0.38
AAPL,2024-09-16,980.98,984.08,977.85,977.87,6173501,2168,-0.2
TSLA,2024-09-16,483.64,485.85,482.85,484.24,9472587,17004,-0.43
GOOGL,2024-09-16,871.24,883.76,869.94,880.56,3688653,9809,-0.91
NFLX,2024-09-16,222.94,231.6,218.84,229.29,7825678,36086,0.8
AMZN,2024-09-16,576.37,580.34,569.98,574.24,3569825,21354,-0.45
AAPL,2024-09-17,904.92,907.5,898.28,898.33,3426979,28118,0.89
TSLA,2024-09-17,228.44,237.28,223.99,232.34,4957963,32098,-0.95
GOOGL,2024-09-17,982.79,986.89,979.52,979.78,2707325,32300,0.92
NFLX,2024-09-17,505.39,505.99,502.88,505.54,6573014,48314,0.2
AMZN,2024-09-17,762.94,766.33,759.54,760.71,9350708,4915,-0.94
AAPL,2024-09-18,704.43,711.13,703.62,709.5,8557135,29093,-0.69
TSLA,2024-09-18,398.28,407.79,396.07,407.57,2280822,32384,0.67
GOOGL,2024-09-18,707.17,711.93,695.96,699.51,5156882,24770,-0.93
NFLX,2024-09-18,120.54,123.93,114.64,117.1,9828430,35497,0.97
AMZN,2024-09-18,658.23,659.93,647.05,649.78,3585429,35490,0.66
AAPL,2024-09-19,467.41,472.06,463.45,471.71,5810640,21408,0.35
TSLA,2024-09-19,665.37,665.45,654.85,655.93,8695487,41083,0.1
GOOGL,2024-09-19,208.11,208.64,201.52,205.17,9889025,23258,0.92
NFLX,2024-09-19,949.91,956.38,949.15,954.03,7288239,7220,-0.27
AMZN,2024-09-19,466.73,467.92,456.11,460.98,8884062,1835,0.02
AAPL,2024-09-20,211.75,224.97,210.94,221.29,3507184,7360,0.13
TSLA,2024-09-20,926.3,927.57,921.68,923.82,6798076,21358,-0.59
GOOGL,2024-09-20,865.01,878.31,861.04,874.57,5196916,33266,0.9
NFLX,2024-09-20,659.16,665.05,657.98,661.92,5706340,1009,0.26
AMZN,2024-09-20,477.96,478.68,469.17,472.3,7197012,40339,0.26
AAPL,2024-09-21,994.54,1005.47,990.47,1003.76,5806007,19143,-0.83
TSLA,2024-09-21,856.12,863.64,852.5,859.46,4016211,38948,-0.02
GOOGL,2024-09-21,281.15,281.37,270.66,274.94,3538197,9544,-0.07
NFLX,2024-09-21,854.21,854.74,849.57,850.22,9873755,42597,-0.42
AMZN,2024-09-21,283.44,288.25,280.04,283.22,1077908,2060,0.79
AAPL,2024-09-22,731.85,734.63,723.21,725.63,5344889,35030,-0.61
TSLA,2024-09-22,244.63,249.2,240.92,248.11,3609003,15900,0.59
GOOGL,2024-09-22,135.4,146.85,135.24,144.43,1032488,38240,-0.73
NFLX,2024-09-22,753.1,754.97,745.69,747.29,7599097,18176,0.68
AMZN,2024-09-22,909.35,919.18,904.67,915.93,8753181,16342,-0.44
AAPL,2024-09-23,931.88,935.19,931.06,934.98,9755378,3916,-0.94
TSLA,2024-09-23,133.69,134.85,125.28,125.72,1797595,47040,0.99
GOOGL,2024-09-23,440.53,449.55,437.71,448.79,2141560,38634,-0.84
NFLX,2024-09-23,842.29,846.68,834.25,834.59,1021924,45254,0.07
AMZN,2024-09-23,703.83,713.87,702.12,712.7,5715389,28018,0.01
AAPL,2024-09-24,729.02,731.93,728.41,729.7,2109568,1278,0.63
TSLA,2024-09-24,182.54,194.7,178.88,192.03,8225727,30402,0.9
GOOGL,2024-09-24,308.85,318.05,305.49,316.56,7490751,19574,0.27
NFLX,2024-09-24,870.49,877.77,866.74,876.31,8324406,24940,-0.1
AMZN,2024-09-24,163.04,170.87,159.69,168.05,4003179,41618,0.76
AAPL,2024-09-25,195.09,195.58,190.73,194.6,5662344,12720,0.47
TSLA,2024-09-25,653.79,658.62,647.04,651.84,4131989,36454,-0.21
GOOGL,2024-09-25,186.53,189.92,179.5,180.57,9554807,16015,0.64
NFLX,2024-09-25,463.56,466.63,455.13,456.45,2661213,28128,0.46
AMZN,2024-09-25,918.13,918.36,909.62,913.73,7058051,28172,0.25
AAPL,2024-09-26,880.75,881.68,873.75,878.26,8345908,11834,0.28
TSLA,2024-09-26,862.43,866.49,856.21,857.3,6590140,34515,0.65
GOOGL,2024-09-26,994.86,1004.14,991.42,1003.69,2114469,29750,-0.81
NFLX,2024-09-26,192.4,198.05,190.06,194.84,9916881,42369,0.09
AMZN,2024-09-26,842.8,854.98,839.15,852.01,6504059,22456,0.24
AAPL,2024-09-27,864.27,870.96,862.38,869.98,4167305,15624,0.33
TSLA,2024-09-27,475.38,478.86,471.22,472.89,5978514,25715,0.57
GOOGL,2024-09-27,247.18,252.49,244.96,251.05,5247023,40500,0.24
NFLX,2024-09-27,448.78,454.92,444.95,454.54,9249388,43437,0.38
AMZN,2024-09-27,858.27,860.04,854.33,855.51,3761139,38144,0.02
AAPL,2024-09-28,995.91,998.28,995.65,997.13,8322166,32984,0.16
TSLA,2024-09-28,420.06,427.73,418.51,424.44,9426694,21566,-0.12
GOOGL,2024-09-28,690.24,696.0,687.6,693.94,4971424,41314,-0.34
NFLX,2024-09-28,845.73,850.01,834.02,836.04,5550806,23891,-0.74
AMZN,2024-09-28,449.11,455.63,445.74,453.56,6486128,48969,-0.6
AAPL,2024-09-29,338.76,341.31,329.52,329.81,1966705,21894,0.71
TSLA,2024-09-29,894.34,903.46,892.65,902.92,5335704,49358,-0.55
GOOGL,2024-09-29,111.62,115.21,99.94,103.44,2647237,11734,0.21
NFLX,2024-09-29,632.68,637.72,630.93,636.38,1755997,44741,-0.39
AMZN,2024-09-29,787.97,789.62,783.78,786.05,3914351,34386,0.59
AAPL,2024-09-30,470.24,474.49,468.93,472.66,3722224,29554,0.78
TSLA,2024-09-30,143.2,147.82,139.39,143.82,7056108,7467,-0.25
GOOGL,2024-09-30,768.24,770.0,766.51,766.67,6126589,6296,0.11
NFLX,2024-09-30,879.0,890.02,874.97,885.03,2753908,11693,0.25
AMZN,2024-09-30,928.66,933.29,926.05,928.23,1769438,10508,-0.71
AAPL,2024-10-01,289.46,290.76,282.82,285.36,5286942,37025,-0.5
TSLA,2024-10-01,451.51,460.82,447.99,456.78,8315103,29457,0.46
GOOGL,2024-10-01,941.33,949.67,940.37,947.7,1081052,29255,0.04
NFLX,2024-10-01,440.65,440.69,431.33,432.55,7718067,1330,-0.14
AMZN,2024-10-01,499.81,504.24,498.32,499.84,7908321,20911,0.16
AAPL,2024-10-02,195.22,197.21,190.33,190.61,2615220,19081,-0.16
TSLA,2024-10-02,930.91,936.15,926.6,934.82,4829743,25238,-0.32
GOOGL,2024-10-02,754.15,758.21,751.85,754.93,8108545,48265,0.9
NFLX,2024-10-02,819.71,821.03,815.16,820.0,6709483,34602,0.66
AMZN,2024-10-02,829.59,831.32,827.08,828.48,2440838,23752,0.71
AAPL,2024-10-03,168.51,168.66,156.21,161.09,6662570,13621,-0.94
TSLA,2024-10-03,959.94,965.95,959.83,962.91,9816505,12239,0.99
GOOGL,2024-10-03,448.69,452.99,439.15,443.4,4639521,18304,-0.6
NFLX,2024-10-03,629.71,633.68,627.61,629.45,7716372,13297,-0.46
AMZN,2024-10-03,210.64,214.2,206.58,210.76,5510183,13511,0.08
AAPL,2024-10-04,574.53,574.61,571.13,572.67,1380950,17568,0.53
TSLA,2024-10-04,339.1,351.33,335.28,347.46,7842748,46892,0.71
GOOGL,2024-10-04,527.18,531.15,517.01,518.55,1561023,8338,0.29
NFLX,2024-10-04,376.5,386.77,374.17,382.92,5602866,31325,-0.99
AMZN,2024-10-04,686.5,690.55,683.22,684.19,3968497,40229,-0.11
AAPL,2024-10-05,773.28,776.96,766.59,769.86,1704474,8540,0.64
TSLA,2024-10-05,150.48,159.06,147.35,157.81,4129503,36717,-0.66
GOOGL,2024-10-05,730.27,735.41,728.05,734.2,3557245,7303,-0.18
NFLX,2024-10-05,739.8,743.99,734.97,741.19,2281420,4187,-0.7
AMZN,2024-10-05,153.89,157.41,150.47,153.52,1047858,35128,-0.82
AAPL,2024-10-06,163.61,171.71,159.64,170.07,8207233,48712,-0.65
TSLA,2024-10-06,223.32,230.66,220.91,226.36,6239055,16529,-0.92
GOOGL,2024-10-06,573.75,576.76,573.02,573.22,1510260,37752,-0.75
NFLX,2024-10-06,709.99,718.71,707.35,717.88,6105727,40747,0.21
AMZN,2024-10-06,106.07,115.61,103.97,110.9,8150073,16049,0.61
AAPL,2024-10-07,337.17,342.38,332.62,339.57,8008872,7513,1.0
TSLA,2024-10-07,294.71,297.73,289.46,290.86,5101267,34263,-0.04
GOOGL,2024-10-07,748.94,752.83,742.99,747.84,4464277,5399,-0.05
NFLX,2024-10-07,762.63,770.16,760.24,768.81,6131651,5590,0.78
AMZN,2024-10-07,674.31,676.28,670.62,676.04,2414870,21428,0.69
AAPL,2024-10-08,535.47,544.06,532.59,541.83,9186937,5357,0.52
TSLA,2024-10-08,962.07,963.74,947.88,952.63,9672243,24439,0.48
GOOGL,2024-10-08,754.36,755.42,751.83,753.85,3266674,45546,0.45
NFLX,2024-10-08,834.88,839.33,820.26,825.03,8075458,21390,0.95
AMZN,2024-10-08,930.27,941.1,927.54,937.39,9742998,10636,-0.88
AAPL,2024-10-09,269.94,279.95,265.62,276.79,8464037,37572,0.32
TSLA,2024-10-09,625.15,628.68,619.04,619.32,9049603,11601,-0.83
GOOGL,2024-10-09,393.86,397.05,392.66,396.31,6143634,23495,0.58
NFLX,2024-10-09,109.83,113.41,100.6,102.95,9921748,6470,0.75
AMZN,2024-10-09,549.32,560.67,547.22,556.28,9097424,21342,0.61
AAPL,2024-10-10,632.95,637.39,632.7,636.6,7417132,40609,0.92
TSLA,2024-10-10,945.71,950.36,942.54,947.55,6543543,4794,0.23
GOOGL,2024-10-10,968.74,970.35,960.94,964.57,9656366,16448,0.29
NFLX,2024-10-10,413.78,417.84,408.55,411.51,2576653,28272,-0.51
AMZN,2024-10-10,436.46,448.97,435.34,446.03,3659150,40013,0.47
AAPL,2024-10-11,393.89,402.44,393.8,400.36,1555199,1645,-0.22
TSLA,2024-10-11,153.93,156.71,145.03,149.32,1248161,14315,0.42
GOOGL,2024-10-11,204.38,205.17,200.7,203.36,8564914,7774,0.23
NFLX,2024-10-11,829.9,830.84,825.35,829.4,3960186,36487,-0.13
AMZN,2024-10-11,214.06,215.52,209.21,211.65,3192462,1943,0.63
AAPL,2024-10-12,949.37,952.43,938.1,939.89,2148786,48921,0.43
TSLA,2024-10-12,266.43,277.58,266.22,273.35,9742838,46834,0.31
GOOGL,2024-10-12,778.89,783.64,775.16,779.41,6793384,35998,0.91
NFLX,2024-10-12,214.86,215.97,212.71,214.97,4836189,12199,0.06
AMZN,2024-10-12,229.01,240.49,225.44,238.69,9138525,7363,-0.51
AAPL,2024-10-13,625.77,628.5,622.88,626.52,9107811,3837,0.11
TSLA,2024-10-13,422.15,426.17,418.97,421.77,6544350,32579,0.92
GOOGL,2024-10-13,485.85,487.08,479.65,480.5,3347126,4709,-0.43
NFLX,2024-10-13,732.62,734.13,724.63,726.18,8256145,9182,-0.61
AMZN,2024-10-13,598.22,598.88,593.49,596.93,9490366,5276,0.2
AAPL,2024-10-14,140.51,151.15,139.19,150.01,1035400,42085,0.41
TSLA,2024-10-14,338.3,339.85,330.59,330.92,9360218,41466,-0.81
GOOGL,2024-10-14,768.0,771.77,764.4,767.21,6055188,41737,-0.98
NFLX,2024-10-14,291.66,295.15,284.94,287.2,3446107,7799,0.4
AMZN,2024-10-14,276.17,283.4,275.08,281.42,8818412,48650,0.31
AAPL,2024-10-15,233.41,238.43,232.83,237.64,3255863,29454,0.26
TSLA,2024-10-15,946.51,956.04,943.82,952.17,2922999,31281,-0.1
GOOGL,2024-10-15,784.04,788.88,779.12,783.24,3267573,24546,0.97
NFLX,2024-10-15,756.1,757.7,752.27,755.24,3581145,32428,0.55
AMZN,2024-10-15,239.38,250.58,239.1,246.59,5771796,18932,-0.06
AAPL,2024-10-16,643.15,655.58,641.72,651.87,6999630,19764,-0.61
TSLA,2024-10-16,462.45,463.28,459.33,462.51,7704220,21757,0.17
GOOGL,2024-10-16,483.08,491.5,478.95,490.75,4579424,15709,-0.52
NFLX,2024-10-16,542.6,546.53,540.89,544.32,3433267,34202,0.59
AMZN,2024-10-16,659.24,664.77,658.88,664.52,3219675,46110,-0.77
AAPL,2024-10-17,868.93,879.99,867.93,878.39,9423335,17352,-0.98
TSLA,2024-10-17,929.19,937.1,925.12,933.67,8465677,8365,0.98
GOOGL,2024-10-17,442.99,446.53,432.81,434.1,2130910,24081,1.0
NFLX,2024-10-17,341.03,349.9,339.02,346.23,4310540,41854,0.64
AMZN,2024-10-17,654.87,667.61,654.04,664.07,7919086,17635,0.31
AAPL,2024-10-18,708.45,714.97,703.95,713.56,8745998,13258,-0.11
TSLA,2024-10-18,781.35,788.94,777.07,784.72,7257494,41604,0.53
GOOGL,2024-10-18,760.02,763.13,754.18,754.29,8046714,47290,-0.61
NFLX,2024-10-18,870.88,881.87,868.21,879.62,3417599,18083,0.01
AMZN,2024-10-18,760.41,765.35,755.84,763.71,3788812,26834,-0.06
AAPL,2024-10-19,952.22,961.01,947.82,959.46,7170609,3107,-0.78
TSLA,2024-10-19,885.63,890.42,882.0,884.46,4818042,10388,-0.88
GOOGL,2024-10-19,394.58,396.89,391.8,394.7,9213504,13583,-0.13
NFLX,2024-10-19,504.92,509.05,499.54,500.48,6997800,34057,-0.57
AMZN,2024-10-19,640.72,648.12,636.99,647.68,5627016,8306,-0.35
AAPL,2024-10-20,507.48,517.57,506.48,514.05,9763674,23816,0.82
TSLA,2024-10-20,705.55,710.29,695.97,696.42,1058765,38700,-0.41
GOOGL,2024-10-20,455.48,455.99,449.12,450.31,9060391,32576,0.97
NFLX,2024-10-20,881.61,885.88,869.79,872.59,8635596,41047,-0.21
AMZN,2024-10-20,934.16,935.65,926.1,929.67,6902128,16208,0.61
AAPL,2024-10-21,309.52,314.38,301.89,303.14,9624333,5454,-0.09
TSLA,2024-10-21,635.81,640.13,629.26,630.52,3539215,28322,0.72
GOOGL,2024-10-21,585.18,587.29,572.8,577.53,1668653,22017,0.76
NFLX,2024-10-21,307.1,315.68,303.5,311.53,9620280,29581,-0.51
AMZN,2024-10-21,817.03,827.32,814.33,826.95,7865954,13391,-0.01
AAPL,2024-10-22,532.6,533.81,530.79,532.73,4383201,45562,-0.25
TSLA,2024-10-22,912.38,916.99,910.22,913.89,3742412,12633,-0.22
GOOGL,2024-10-22,118.97,127.23,116.26,124.17,5854933,27211,-0.66
NFLX,2024-10-22,600.87,614.57,599.38,610.38,3210603,2140,-0.93
AMZN,2024-10-22,176.68,177.72,167.27,168.27,9955555,39012,-0.78
AAPL,2024-10-23,485.76,490.58,484.41,486.94,6872850,24175,0.83
TSLA,2024-10-23,996.9,1010.3,995.49,1006.14,2483598,39251,0.11
GOOGL,2024-10-23,427.52,431.8,418.89,422.52,2822846,20097,0.01
NFLX,2024-10-23,971.98,976.06,969.23,972.97,8723961,34874,-0.62
AMZN,2024-10-23,916.94,926.86,914.6,922.41,2308225,13344,0.63
AAPL,2024-10-24,440.71,451.78,439.4,447.5,7317077,32713,0.48
TSLA,2024-10-24,722.46,723.97,711.14,714.51,6191768,39979,0.91
GOOGL,2024-10-24,711.76,714.13,706.14,709.33,4533705,11388,-0.54
NFLX,2024-10-24,124.22,135.47,120.9,132.47,1477231,1592,0.81
AMZN,2024-10-24,476.75,486.87,475.24,483.32,3842025,48225,-0.31
AAPL,2024-10-25,775.78,782.4,771.44,781.61,8095448,44297,-0.07
TSLA,2024-10-25,182.11,186.84,171.64,176.08,1101847,22806,-0.51
GOOGL,2024-10-25,532.37,536.13,524.43,527.59,1169043,38944,0.75
NFLX,2024-10-25,109.0,110.91,103.8,105.52,4568802,1834,0.83
AMZN,2024-10-25,299.67,303.13,295.11,297.48,9702937,29587,0.73
AAPL,2024-10-26,289.5,294.5,277.23,282.1,8034465,28313,0.42
TSLA,2024-10-26,223.5,232.55,220.32,229.91,2978531,35270,0.52
GOOGL,2024-10-26,607.05,612.76,603.38,609.65,5403271,3650,-0.54
NFLX,2024-10-26,302.71,306.78,301.87,304.54,6425790,47597,-0.54
AMZN,2024-10-26,406.31,410.17,405.32,409.46,4040683,3689,-0.69
